model,term,estimate,std_error,p_value,ci_low,ci_high,nobs,dep_var,table,race_measure
Predicted (1),Black,-0.022858503304913277,0.07036340821264075,0.7453087538013643,-0.1608281460554949,0.11511113944566832,5062,LogAPY,table-27,provisional
Predicted (1),OtherRace,-0.07234194084262821,0.12303601711874446,0.5565975747128038,-0.3135928375591125,0.16890895587385604,5062,LogAPY,table-27,provisional
Predicted (5),Black,-0.003592402175170296,0.050994971803778134,0.9438435696725977,-0.10358411975344531,0.09639931540310473,5062,LogAPY,table-27,provisional
Predicted (5),OtherRace,-0.038345026325920156,0.08461879535084758,0.6504758337012184,-0.2042668493459091,0.1275767966940688,5062,LogAPY,table-27,provisional
Raked (1),Black,-0.0231464463427839,0.07032654291558256,0.7420835346112713,-0.16104380305728205,0.11475091037171425,5062,LogAPY,table-27,provisional
Raked (1),OtherRace,-0.07182558455156343,0.1227105759209404,0.5583764872950481,-0.3124383512095711,0.1687871821064442,5062,LogAPY,table-27,provisional
Raked (5),Black,-0.003346752827809279,0.0509743519900577,0.9476567112941161,-0.10329803876121577,0.09660453310559722,5062,LogAPY,table-27,provisional
Raked (5),OtherRace,-0.038058483322164605,0.08436132616161407,0.6519261737697564,-0.20347545683357832,0.1273584901892491,5062,LogAPY,table-27,provisional
No draft (1),Black,0.09750664497521389,0.07291337152803982,0.18123564157127295,-0.04546300469074471,0.24047629464117248,5062,LogAPY,table-27,provisional
No draft (1),OtherRace,-0.019493672382039594,0.13068300163416555,0.8814321579381252,-0.2757388928317272,0.23675154806764803,5062,LogAPY,table-27,provisional
No draft (5),Black,4.337452978626015e-4,0.05059676050413414,0.9931607596690111,-0.09877715349765687,0.09964464409338206,5062,LogAPY,table-27,provisional
No draft (5),OtherRace,-0.034196121717442185,0.08428724786455129,0.6849873286061461,-0.19946784137545476,0.1310755979405704,5062,LogAPY,table-27,provisional
Black+multi (1),Black,-0.0062610135152641605,0.07230303427200166,0.9310004034038004,-0.1480339045916093,0.13551187756108096,5062,LogAPY,table-27,provisional
Black+multi (1),OtherRace,-0.25751623887052466,0.18736348691382312,0.16942160435312034,-0.6249014183359989,0.10986894059494956,5062,LogAPY,table-27,provisional
Black+multi (5),Black,0.008171744238633592,0.05109519873627197,0.872946427900538,-0.0920164998357482,0.10835998831301538,5062,LogAPY,table-27,provisional
Black+multi (5),OtherRace,-0.2448274228641613,0.16953652856379395,0.1488236715085812,-0.5772572308182089,0.08760238508988635,5062,LogAPY,table-27,provisional
PredDoc (1),Black,-0.050291518215278636,0.057916706470517526,0.3852817849844783,-0.1638554785748916,0.06327244214433433,5062,LogAPY,table-27,provisional
PredDoc (1),OtherRace,-0.10194787026160991,0.0775979185374701,0.18902280488772444,-0.25410305106878583,0.05020731054556603,5062,LogAPY,table-27,provisional
PredDoc (5),Black,-0.01695970346619178,0.03884293751993337,0.6624188974268299,-0.09312352709470101,0.05920412016231746,5062,LogAPY,table-27,provisional
PredDoc (5),OtherRace,-0.0025724779677816184,0.05854996089972613,0.9649581994973493,-0.11737813325928448,0.11223317732372123,5062,LogAPY,table-27,provisional
Prov. (1),Black,0.15314091380296335,0.04766000142023828,0.001327641603963222,0.05968842782116335,0.24659339978476336,5058,LogAPY,table-27,provisional
Prov. (1),OtherRace,0.055696017755677056,0.077401857358746,0.47185043636413193,-0.09607477062520436,0.2074668061365585,5058,LogAPY,table-27,provisional
Prov. (5),Black,-0.011324836648878131,0.025971679929787845,0.6628374328000961,-0.062250518189702564,0.039600844891946305,5058,LogAPY,table-27,provisional
Prov. (5),OtherRace,0.030904915141803616,0.050778005212309844,0.5428206672228315,-0.06866140208184845,0.13047123236545569,5058,LogAPY,table-27,provisional
