term,estimate,std_error,se_type,boot_reps,nobs,race_measure
ey_white,1.1067302867993352,0.056523066015585134,bootstrap,199,5062,predicted
ey_black,1.2149119476604662,0.030379928984937927,bootstrap,199,5062,predicted
ey_other,0.9472245867638617,0.18444525627865482,bootstrap,199,5062,predicted
marg_gap,0.10818166086113101,0.05127815565380371,bootstrap,199,5062,predicted
marg_gap0,0.1971118012606261,0.04824019903444038,bootstrap,199,5062,predicted
pw_gap,0.12585189811333963,0.03220862447695439,bootstrap,199,5062,predicted
cond_gap,-0.16162778427632174,0.09562104240894032,bootstrap,199,5062,predicted
rc_same_x,-0.048497153939420556,0.04847771755964823,cluster,199,5062,predicted
rc_main,-0.003592402175170296,0.050994971803778134,cluster,199,5062,predicted
