table,model,term,estimate,std_error,nobs,p_value,ci_low,ci_high,dep_var,race_measure
table-07,Black - White,apy,1.1219291824329105,0.3205979237325109,5058,,,,,provisional
table-07,Black - White,ApyCapPct100,0.6013540005316105,0.14830715409766881,5058,,,,,provisional
table-07,Black - White,GuaranteeShareKnown,0.01929567125719052,0.011049131144924403,5058,,,,,provisional
table-07,Black - White,years,0.05080409356725183,0.05155020155496815,5058,,,,,provisional
table-07,Black - White,AgeKnown,-0.06510068988452648,0.13628828871840923,5058,,,,,provisional
table-07,Black - White,ExperienceAtSigning,0.37119550770866655,0.11926915512045003,5058,,,,,provisional
table-07,Black - White,PriorGamesPlayed,0.2990430622009587,0.18640895502588078,5058,,,,,provisional
table-07,Black - White,PriorOffDefSnaps,76.88603136629462,15.16481007150046,5058,,,,,provisional
table-07,Black - White,Round12,0.12920321637426904,0.025994795985150875,5058,,,,,provisional
table-07,Black - White,Undrafted,-0.07725279106858052,0.022203695510571775,5058,,,,,provisional
table-07,Black - White,Rating247,0.02107843724144446,0.004891328105939401,5058,,,,,provisional
table-07,Black - White,FortyKnown,-0.11040735652155174,0.018496460854893544,5058,,,,,provisional
table-08,(1),Black,0.15314091380296335,0.04766000142023828,5058,0.001327641603963222,0.05968842782116335,0.24659339978476336,LogAPY,provisional
table-08,(1),OtherRace,0.055696017755677056,0.077401857358746,5058,0.47185043636413193,-0.09607477062520436,0.2074668061365585,LogAPY,provisional
table-08,(2),Black,0.08754604514930553,0.037433889566524416,5058,0.019422142940368415,0.014145081328218387,0.16094700897039266,LogAPY,provisional
table-08,(2),OtherRace,0.03104159752468626,0.061447849704331994,5058,0.6134795429849025,-0.0894463198480432,0.15152951489741573,LogAPY,provisional
table-08,(3),Black,8.870112755242169e-4,0.02658778197151288,5058,0.9733886113479462,-0.051246732911165306,0.053020755462213735,LogAPY,provisional
table-08,(3),OtherRace,0.02888351039103134,0.04861391342207342,5058,0.5524661706440163,-0.06643942135918851,0.1242064421412512,LogAPY,provisional
table-08,(4),Black,-0.016641835742604343,0.02584483437278821,5058,0.5196845812462361,-0.06731879650533144,0.03403512502012275,LogAPY,provisional
table-08,(4),OtherRace,0.02778121465228062,0.04886711168438282,5058,0.5697376904891553,-0.06803819226273093,0.12360062156729217,LogAPY,provisional
table-08,(5),Black,-0.011324836648878131,0.025971679929787845,5058,0.6628374328000961,-0.062250518189702564,0.039600844891946305,LogAPY,provisional
table-08,(5),OtherRace,0.030904915141803616,0.050778005212309844,5058,0.5428206672228315,-0.06866140208184845,0.13047123236545569,LogAPY,provisional
table-08,(6),Black,1.5577333712453334e-4,0.02468620746652946,5058,0.9949657247554847,-0.04824933342877696,0.048560880103026026,LogAPY,provisional
table-08,(6),OtherRace,0.021347137399726244,0.04811551777400032,5058,0.6573197642409263,-0.07299853226641899,0.11569280706587147,LogAPY,provisional
table-08,(7),Black,-0.008653078414378497,0.025586673290928705,5058,0.7352478084946176,-0.058823832837101644,0.04151767600834465,LogAPY,provisional
table-08,(7),OtherRace,0.02725110471669508,0.049701994220300125,5058,0.5835367455658407,-0.07020535310388212,0.12470756253727228,LogAPY,provisional
table-08,(8),Black,-0.011730016208425186,0.027595144176608084,5058,0.6708145576003492,-0.0658390121690326,0.04237897975218223,LogAPY,provisional
table-08,(8),OtherRace,0.030483779870717174,0.05578534866824376,5058,0.584801932971757,-0.07890101574523753,0.13986857548667186,LogAPY,provisional
table-10,(1) Guarantee share,Black,-0.004499148949035922,0.010080301425183938,4682,0.6553949479427963,-0.024265245686633935,0.015266947788562094,GuaranteeShare,provisional
table-10,(1) Guarantee share,OtherRace,0.029229547302289674,0.020619084433744574,4682,0.15642662655830605,-0.011201666048124573,0.06966076065270392,GuaranteeShare,provisional
table-10,(2) Zero guarantee,Black,-0.016769176740035217,0.009964678838919952,5058,0.09251390735897445,-0.036308076902800884,0.002769723422730453,GuaranteedZero,provisional
table-10,(2) Zero guarantee,OtherRace,-0.034519444024389175,0.016830901770825867,5058,0.040364544320833806,-0.06752174291083543,-0.0015171451379429116,GuaranteedZero,provisional
table-10,(3) Log years,Black,-0.011410315142616775,0.017850280906722884,5058,0.522730239979788,-0.04641142879131151,0.023590798506077953,LogYears,provisional
table-10,(3) Log years,OtherRace,0.007247185853935244,0.03457173162901317,5058,0.8339737376605716,-0.06054161333092957,0.07503598503880006,LogYears,provisional
table-10,(4) Log value,Black,-0.017912786705602934,0.04023760028446089,5058,0.6562276440917327,-0.09681131092864424,0.06098573751743837,LogValue,provisional
table-10,(4) Log value,OtherRace,0.03866467219650333,0.07967406921993478,5058,0.6275119819679249,-0.1175615052061513,0.19489084959915795,LogValue,provisional
table-10,(5) Log APY,Black,0.0011971019116577078,0.022135894089897946,6490,0.9568749254326983,-0.04220419999626459,0.04459840381958,LogAPY,provisional
table-10,(5) Log APY,OtherRace,0.016522573725140814,0.044801197568657795,6490,0.7123020036441705,-0.07131803002987813,0.10436317748015975,LogAPY,provisional
table-10,(6) Log APY,OtherRace,0.016804413047039404,0.0446675120723546,6490,0.7067839007336165,-0.07077407685063085,0.10438290294470966,LogAPY,provisional
table-10,(6) Log APY,BlackM_UFANew,-0.01580345309507439,0.03675123733685286,6490,0.66721508204218,-0.08786069824942228,0.0562537920592735,LogAPY,provisional
table-10,(6) Log APY,BlackM_UFAOwn,0.02878435326492607,0.038345053555509455,6490,0.4529062360655489,-0.04639784806289876,0.10396655459275089,LogAPY,provisional
table-10,(6) Log APY,BlackM_Ext,-0.06659009875105187,0.04963978312182415,6490,0.1798603983567606,-0.16391759793245078,0.030737400430347034,LogAPY,provisional
table-10,(6) Log APY,BlackM_TagTender,0.04287966758600189,0.03662476060834018,6490,0.24176941117578632,-0.02892959776431315,0.11468893293631693,LogAPY,provisional
table-10,(7) Near minimum,Black,-0.011648922580108327,0.006624217558627439,27724,0.07871128491250798,-0.024634970262106835,0.0013371251018901818,NearMinimum,provisional
table-10,(7) Near minimum,OtherRace,-0.014311294505354207,0.011890727177664958,27724,0.22880784320502398,-0.03762175324801478,0.008999164237306368,NearMinimum,provisional
table-11-wcb,(1),BlackPos_DB,-0.0642059293267654,,5058,0.24042404240424042,-0.1723847483349256,0.043548028592754334,,provisional
table-11-wcb,(1),BlackPos_DL,-0.03314395984997978,,5058,0.5087508750875087,-0.13310299386782792,0.06700472190708218,,provisional
table-11-wcb,(1),BlackPos_LB,0.15262495396163717,,5058,0.058005800580058005,-0.005469738993028452,0.3087348687019952,,provisional
table-11-wcb,(1),BlackPos_OL,0.08248126165529004,,5058,0.4223422342234223,-0.12248142691873651,0.2857943950023426,,provisional
table-11-wcb,(1),BlackPos_QB,-0.28975221570617865,,5058,0.09890989098909891,-0.609145825730729,0.06324529613524152,,provisional
table-11-wcb,(1),BlackPos_RB,0.004753479679732431,,5058,0.9405940594059405,-0.11722249741217147,0.12832512317940778,,provisional
table-11-wcb,(1),BlackPos_TE,-0.008354282892878059,,5058,0.9425942594259425,-0.21946581027016926,0.2144672339665647,,provisional
table-11-wcb,(1),BlackPos_WR,-0.018029355007713948,,5058,0.7844784478447845,-0.14821521854415642,0.11113924225247543,,provisional
table-11,(1),BlackPos_DB,-0.06420592932605579,0.054733545668594286,5058,0.24087059101950073,-0.17152833295394357,0.04311647430183199,LogAPY,provisional
table-11,(1),BlackPos_DL,-0.03314395984984791,0.050281005319853085,5058,0.5098381556312834,-0.13173575180915434,0.06544783210945851,LogAPY,provisional
table-11,(1),BlackPos_LB,0.15262495396217302,0.07511994175297819,5058,0.04227366965451847,0.005328581859196102,0.29992132606514993,LogAPY,provisional
table-11,(1),BlackPos_OL,0.0824812616551124,0.09799511190481018,5058,0.40003513201570173,-0.10966910655029856,0.27463162986052336,LogAPY,provisional
table-11,(1),BlackPos_QB,-0.2897522156973955,0.14097557189978074,5058,0.039939554082467965,-0.5661793509082242,-0.013325080486566776,LogAPY,provisional
table-11,(1),BlackPos_RB,0.00475347967980183,0.058104469123977986,5058,0.9348043228803472,-0.10917868407340134,0.118685643433005,LogAPY,provisional
table-11,(1),BlackPos_TE,-0.008354282895378288,0.09889270210675453,5058,0.9326822607549012,-0.20226466019153566,0.18555609440077908,LogAPY,provisional
table-11,(1),BlackPos_WR,-0.0180293550068349,0.0632962982438272,5058,0.7757874435904683,-0.14214173956541512,0.10608302955174531,LogAPY,provisional
table-11,(1),OtherRace,0.02798561124875008,0.05052953792917006,5058,0.5797283013532364,-0.07109350738903085,0.127064729886531,LogAPY,provisional
table-12,(1),Black,0.14065004151355032,0.04806861440410228,5946,0.003468076629013043,0.04638589528296502,0.2349141877441356,LogCapNumber,provisional
table-12,(1),OtherRace,-0.06727359527787885,0.0683715819548441,5946,0.3252517963630257,-0.20135253388064916,0.06680534332489146,LogCapNumber,provisional
table-12,(2),Black,0.0790525290313028,0.047058320618238336,5946,0.09312054978449523,-0.013230397595864862,0.17133545565847047,LogCapNumber,provisional
table-12,(2),OtherRace,-0.09730254943097166,0.06874821234467722,5946,0.1571071560660228,-0.23212007271279364,0.037514973850850314,LogCapNumber,provisional
table-12,(3),Black,-0.02266833656270966,0.02867586615180358,5946,0.42931894639972956,-0.07890266063741432,0.033565987511994994,LogCapNumber,provisional
table-12,(3),OtherRace,0.01958752288925576,0.0510859925432025,5946,0.7014431795376987,-0.08059380189251407,0.1197688476710256,LogCapNumber,provisional
table-12,(4),OtherRace,0.018641349609189273,0.05112625788328473,5946,0.715434287100283,-0.0816189368392021,0.11890163605758064,LogCapNumber,provisional
table-12,(4),BlackExp_0_3,0.16295553824835404,0.14436534553396624,5946,0.259116051764281,-0.12014968978337784,0.44606076628008595,LogCapNumber,provisional
table-12,(4),BlackExp_4_6,7.143691856207728e-4,0.03326957013723948,5946,0.9828709494236093,-0.06452836067716912,0.06595709904841067,LogCapNumber,provisional
table-12,(4),BlackExp_7plus,-0.06589288242750292,0.0438414734054,5946,0.13298628718760852,-0.15186746503786103,0.020081700182855197,LogCapNumber,provisional
table-12,(5),OtherRace,-0.01754964832781425,0.07068548562212665,5946,0.8039423120930026,-0.1561662287236793,0.1210669320680508,LogCapNumber,provisional
table-12,(5),BlackExp_0_3,-0.11315485593635716,0.19177132358120072,5946,0.5552165282410668,-0.4892247783377079,0.2629150664649936,LogCapNumber,provisional
table-12,(5),BlackExp_4_6,0.07945853225623783,0.04965394376907695,5946,0.10968627549779579,-0.017914497409748903,0.17683156192222457,LogCapNumber,provisional
table-12,(5),BlackExp_7plus,0.0395423364023524,0.05690090041008334,5946,0.48716976326209815,-0.07204221545962754,0.15112688826433235,LogCapNumber,provisional
table-12,(5),LogDraftPick_x_Exp,0.0027098950181084908,0.005059454808592286,5946,0.5922817097451658,-0.00721186357295003,0.012631653609167012,LogCapNumber,provisional
table-12,(5),Undrafted_x_Exp,0.03008604725292402,0.02442959331328358,5946,0.2182510086628635,-0.01782119502948641,0.07799328953533445,LogCapNumber,provisional
table-12,(5),RecruitRating_x_Exp,-0.10237351974107249,0.0950663152526675,5946,0.2816579055281339,-0.2888017152210651,0.08405467573892016,LogCapNumber,provisional
table-12,(5),RecruitRatingMiss_x_Exp,-0.11566325714196588,0.08274824846887568,5946,0.16232093123914854,-0.27793531533820165,0.0466088010542699,LogCapNumber,provisional
table-12,(6),OtherRace,0.024175134806846844,0.055007221193671296,5946,0.6603491553662024,-0.08369584933984545,0.13204611895353913,LogCapNumber,provisional
table-12,(6),BlackExp_0_3,0.08581882554535125,0.12987370753926855,5946,0.5088176414621619,-0.16886782000824063,0.34050547109894314,LogCapNumber,provisional
table-12,(6),BlackExp_4_6,0.006091137712083883,0.035594519378951785,5946,0.8641405088106361,-0.06371089468139748,0.07589317010556526,LogCapNumber,provisional
table-12,(6),BlackExp_7plus,-0.05975355419627526,0.042559718895988585,5946,0.1604607604749623,-0.14321457372592683,0.023707465333376324,LogCapNumber,provisional
table-12,(6),LogDraftPick_x_Exp,0.010375948124911397,0.00479609457855823,5946,0.030615581250285545,9.706476748458526e-4,0.019781248574976942,LogCapNumber,provisional
table-12,(6),Undrafted_x_Exp,0.09357803261275854,0.024153022218622377,5946,1.0999235071780136e-4,0.04621315541479023,0.14094290981072685,LogCapNumber,provisional
table-12,(6),RecruitRating_x_Exp,0.05054903366247654,0.08100737336504997,5946,0.5326881908177699,-0.10830911074842225,0.20940717807337533,LogCapNumber,provisional
table-12,(6),RecruitRatingMiss_x_Exp,0.04009316148146347,0.07181876205920473,5946,0.5767267685318367,-0.10074581157349366,0.1809321345364206,LogCapNumber,provisional
table-12,(7),Black,0.05257803365496264,0.02697345085933221,16331,0.05131772735278233,-3.0094856551254184e-4,0.10545701587543782,LogCapNumber,provisional
table-12,(7),OtherRace,0.12879188708143852,0.049027933825267093,16331,0.008641081939118483,0.03267710908832276,0.22490666507455426,LogCapNumber,provisional
table-12,(8),Black,0.08892211313162655,0.027519704054866003,25232,0.0012387036991768363,0.03497457597434941,0.1428696502889037,LogCapNumber,provisional
table-12,(8),OtherRace,0.09416224898341581,0.03827210386300146,25232,0.013906158164475942,0.019136524102069716,0.16918797386476192,LogCapNumber,provisional
table-12,(8),OnRookieContract,1.117431113331704,0.01918849060832808,25232,0,1.079815454092745,1.1550467725706632,LogCapNumber,provisional
table-12,(8),BlackRookie,-0.03332866288424827,0.03792112402233629,25232,0.3794905893688073,-0.10766635354989243,0.041009027781395896,LogCapNumber,provisional
table-12,(9),Black,0.04127356955970338,0.027322165069882064,16331,0.1309429877690786,-0.01228903496167267,0.09483617408107942,LogCapNumber,provisional
table-12,(9),OtherRace,0.09086043679034733,0.05162440842671499,16331,0.0784602199231113,-0.010344492070074915,0.1920653656507696,LogCapNumber,provisional
table-12,(10),OtherRace,0.044379987876775315,0.03960246900146219,16331,0.26249286774891645,-0.03325702880070755,0.12201700455425818,LogCapNumber,provisional
table-12,(10),BlackCT_UFAExt,-0.015670598001925173,0.030403734544637937,16331,0.6062830833389812,-0.0752743375014161,0.04393314149756576,LogCapNumber,provisional
table-12,(10),BlackCT_Tender,0.1732618453871191,0.05332560425334935,16331,0.0011647535287903686,0.06872187777547155,0.27780181299876666,LogCapNumber,provisional
table-12,(10),BlackCT_SFA,0.04060715782840648,0.03644673251078472,16331,0.2652646413540249,-0.030843326222854968,0.11205764187966794,LogCapNumber,provisional
table-12,(10),BlackCT_Practice,0.03388694991590077,0.05501014998401887,16331,0.5379124167722249,-0.07395541545738997,0.14172931528919153,LogCapNumber,provisional
table-12,(10),BlackCT_Other,-0.020365196903259556,0.08931038946459366,16331,0.819633838603087,-0.19545004315562678,0.15471964934910767,LogCapNumber,provisional
table-12,(11),Black,0.031164360434065518,0.02739796596793167,13578,0.2554015256901307,-0.02254888578109984,0.08487760664923087,LogCapNumber,provisional
table-12,(11),OtherRace,0.12214746345092134,0.05247262814805474,13578,0.019964441707488907,0.019275768575024194,0.22501915832681849,LogCapNumber,provisional
figure-pay-gap-by-experience,Without production controls,BlackExp_0_3,0.19600006091819827,0.241677937013322,5946,0.4174543781740151,-0.2779383847338931,0.6699385065702896,LogCapNumber,provisional
figure-pay-gap-by-experience,Without production controls,BlackExp_4_6,0.08830593948131071,0.0516724066996818,5946,0.0875986184959021,-0.013025362899841159,0.18963724186246259,LogCapNumber,provisional
figure-pay-gap-by-experience,Without production controls,BlackExp_7plus,0.06291212572088874,0.063379779528717,5946,0.32100266663855337,-0.06137772285538649,0.18720197429716395,LogCapNumber,provisional
figure-pay-gap-by-experience,With lagged and career production,BlackExp_0_3,0.16295553824835404,0.14436534553396624,5946,0.259116051764281,-0.12014968978337784,0.44606076628008595,LogCapNumber,provisional
figure-pay-gap-by-experience,With lagged and career production,BlackExp_4_6,7.143691856207728e-4,0.03326957013723948,5946,0.9828709494236093,-0.06452836067716912,0.06595709904841067,LogCapNumber,provisional
figure-pay-gap-by-experience,With lagged and career production,BlackExp_7plus,-0.06589288242750292,0.0438414734054,5946,0.13298628718760852,-0.15186746503786103,0.020081700182855197,LogCapNumber,provisional
table-13,(1) Log pick,Black,-0.41891352971539825,0.0567480881595809,3033,2.185887928175552e-12,-0.5306660580159399,-0.3071610014148566,LogPick,provisional
table-13,(1) Log pick,OtherRace,-0.24095533462665294,0.09760952507356556,3033,0.014219534447330357,-0.4331752237357177,-0.04873544551758821,LogPick,provisional
table-13,(2) Log pick,Black,-0.2003453208709086,0.033286635343821105,3033,6.0575533054980746e-9,-0.2658958227279856,-0.13479481901383156,LogPick,provisional
table-13,(2) Log pick,OtherRace,-0.16895946217639848,0.08768766168563286,3033,0.05510728904822286,-0.34164048477887665,0.0037215604260796564,LogPick,provisional
table-13,(3) Log pick,Black,-0.059001873156836165,0.02852143569615191,3033,0.03957964938320973,-0.11516839176876179,-0.0028353545449105386,LogPick,provisional
table-13,(3) Log pick,OtherRace,-0.010546934169962994,0.06582729186856201,3033,0.8728331029890782,-0.14017890127346627,0.11908503293354028,LogPick,provisional
table-13,(4) Drafted,Black,0.014171701539119105,0.01853467033923399,3357,0.44515532533013535,-0.02231442673242969,0.0506578298106679,Drafted,provisional
table-13,(4) Drafted,OtherRace,-0.007544598075606221,0.036524707930471,3357,0.8365035423891967,-0.07944472655056978,0.06435553039935735,Drafted,provisional
