year_signed,table,model,term,estimate,std_error,p_value,ci_low,ci_high,source_black_estimate,source_black_ci_low,source_black_ci_high,nobs,n_players,dep_var,scale,estimator,estimand,fixed_effects,controls,shared_control_slopes,weighting,inference,limitation,gap_percent,ci_percent_low,ci_percent_high,mde_80_log,percent_baseline,n_input,n_complete,n_year,players_year,black_mass,white_mass,other_mass,sd_black,mean_log_apy,n_missing,n_singleton,partial_year,sample,race_counts,race_measure
2014,figure-pay-gap-by-year-adjusted,Adjusted,WhiteMinusBlack,-0.029919635276024183,0.17217014691914176,0.862051403004731,-0.3675134822221944,0.30767421167014597,0.029919635276024183,-0.30767421167014597,0.3675134822221944,5060,2789,LogAPY,White-minus-Black log points,OLS; annual race-score interactions,Model-implied White-minus-Black gap in log veteran-contract APY,OTC position x signing year,Table 8(5): A-D quality controls and race-prior covariate dummies,1,Equal contract weights,Player-clustered SE; pointwise 95% CI; race scores held fixed,Selected veteran contracts; predicted-race calibration and outcome-model assumptions; raw retains position/quality composition; adjusted controls have pooled year slopes; 2026 signing window is partial; neither series is a causal effect,-2.9476473730164847,-30.754600907285575,36.02577606377576,0.4820764113735969,"Black APY; geometric-pay contrast, not arithmetic mean APY",235,235,234,230,141.1847416234478,67.32214877908937,25.493109597462826,0.4004289541070897,1.1580924609098247,0,1,0,Freely bargained UFA/extension contracts; positive APY,"Probability sums, not observed racial counts",predicted
2015,figure-pay-gap-by-year-adjusted,Adjusted,WhiteMinusBlack,-0.008407828416658297,0.16899158437627843,0.9603228313015377,-0.33976910150606,0.32295344467274334,0.008407828416658297,-0.32295344467274334,0.33976910150606,5060,2789,LogAPY,White-minus-Black log points,OLS; annual race-score interactions,Model-implied White-minus-Black gap in log veteran-contract APY,OTC position x signing year,Table 8(5): A-D quality controls and race-prior covariate dummies,1,Equal contract weights,Player-clustered SE; pointwise 95% CI; race scores held fixed,Selected veteran contracts; predicted-race calibration and outcome-model assumptions; raw retains position/quality composition; adjusted controls have pooled year slopes; 2026 signing window is partial; neither series is a causal effect,-0.8372581479889168,-28.806531156667052,38.12010471420433,0.4731764362535796,"Black APY; geometric-pay contrast, not arithmetic mean APY",272,272,272,270,165.8917672094897,72.5007738572111,33.60745893329934,0.3878595590371212,1.0477812129929884,0,0,0,Freely bargained UFA/extension contracts; positive APY,"Probability sums, not observed racial counts",predicted
2016,figure-pay-gap-by-year-adjusted,Adjusted,WhiteMinusBlack,-0.013251510968804614,0.15872862312541264,0.9334716377090708,-0.3244890132899416,0.2979859913523324,0.013251510968804614,-0.2979859913523324,0.3244890132899416,5060,2789,LogAPY,White-minus-Black log points,OLS; annual race-score interactions,Model-implied White-minus-Black gap in log veteran-contract APY,OTC position x signing year,Table 8(5): A-D quality controls and race-prior covariate dummies,1,Equal contract weights,Player-clustered SE; pointwise 95% CI; race scores held fixed,Selected veteran contracts; predicted-race calibration and outcome-model assumptions; raw retains position/quality composition; adjusted controls have pooled year slopes; 2026 signing window is partial; neither series is a causal effect,-1.3164096249050967,-27.71033501378683,34.71429160969008,0.44444014475115534,"Black APY; geometric-pay contrast, not arithmetic mean APY",336,336,336,335,207.89968345957908,87.64204141519379,40.45827512522728,0.3810254791063942,0.9990559555088016,0,0,0,Freely bargained UFA/extension contracts; positive APY,"Probability sums, not observed racial counts",predicted
2017,figure-pay-gap-by-year-adjusted,Adjusted,WhiteMinusBlack,0.10716367799994718,0.1667175681605249,0.5204159841940488,-0.21973866945088405,0.43406602545077844,-0.10716367799994718,-0.43406602545077844,0.21973866945088405,5060,2789,LogAPY,White-minus-Black log points,OLS; annual race-score interactions,Model-implied White-minus-Black gap in log veteran-contract APY,OTC position x signing year,Table 8(5): A-D quality controls and race-prior covariate dummies,1,Equal contract weights,Player-clustered SE; pointwise 95% CI; race scores held fixed,Selected veteran contracts; predicted-race calibration and outcome-model assumptions; raw retains position/quality composition; adjusted controls have pooled year slopes; 2026 signing window is partial; neither series is a causal effect,11.31164322410106,-19.72714519535155,54.352077640722776,0.4668091908494697,"Black APY; geometric-pay contrast, not arithmetic mean APY",352,352,352,347,208.8534498233633,100.01082208587988,43.135728090756714,0.3964241962501502,1.0121763864638411,0,0,0,Freely bargained UFA/extension contracts; positive APY,"Probability sums, not observed racial counts",predicted
2018,figure-pay-gap-by-year-adjusted,Adjusted,WhiteMinusBlack,0.3349735119762822,0.14555862230168737,0.021448316526950506,0.049559947904171175,0.6203870760483933,-0.3349735119762822,-0.6203870760483933,-0.049559947904171175,5060,2789,LogAPY,White-minus-Black log points,OLS; annual race-score interactions,Model-implied White-minus-Black gap in log veteran-contract APY,OTC position x signing year,Table 8(5): A-D quality controls and race-prior covariate dummies,1,Equal contract weights,Player-clustered SE; pointwise 95% CI; race scores held fixed,Selected veteran contracts; predicted-race calibration and outcome-model assumptions; raw retains position/quality composition; adjusted controls have pooled year slopes; 2026 signing window is partial; neither series is a causal effect,39.790335703479116,5.0808584098991565,85.9647727644609,0.4075641424447246,"Black APY; geometric-pay contrast, not arithmetic mean APY",350,350,350,342,197.09195709197934,114.33298085881347,38.5750620492072,0.4016779724332942,1.0438430964560392,0,0,0,Freely bargained UFA/extension contracts; positive APY,"Probability sums, not observed racial counts",predicted
2019,figure-pay-gap-by-year-adjusted,Adjusted,WhiteMinusBlack,-0.15536054461410156,0.13377522522121676,0.24559692584559967,-0.41766904418070006,0.10694795495249695,0.15536054461410156,-0.10694795495249695,0.41766904418070006,5060,2789,LogAPY,White-minus-Black log points,OLS; annual race-score interactions,Model-implied White-minus-Black gap in log veteran-contract APY,OTC position x signing year,Table 8(5): A-D quality controls and race-prior covariate dummies,1,Equal contract weights,Player-clustered SE; pointwise 95% CI; race scores held fixed,Selected veteran contracts; predicted-race calibration and outcome-model assumptions; raw retains position/quality composition; adjusted controls have pooled year slopes; 2026 signing window is partial; neither series is a causal effect,-14.389354273901198,-34.14198467047055,11.287633327045258,0.37457063061940693,"Black APY; geometric-pay contrast, not arithmetic mean APY",371,371,371,365,220.15026245755263,109.10004668487746,41.749690857569966,0.38580926173234253,1.1346362612652618,0,0,0,Freely bargained UFA/extension contracts; positive APY,"Probability sums, not observed racial counts",predicted
2020,figure-pay-gap-by-year-adjusted,Adjusted,WhiteMinusBlack,0.22030766107187014,0.1349919231725165,0.10279110496666707,-0.04438655837300495,0.4850018805167452,-0.22030766107187014,-0.4850018805167452,0.04438655837300495,5060,2789,LogAPY,White-minus-Black log points,OLS; annual race-score interactions,Model-implied White-minus-Black gap in log veteran-contract APY,OTC position x signing year,Table 8(5): A-D quality controls and race-prior covariate dummies,1,Equal contract weights,Player-clustered SE; pointwise 95% CI; race scores held fixed,Selected veteran contracts; predicted-race calibration and outcome-model assumptions; raw retains position/quality composition; adjusted controls have pooled year slopes; 2026 signing window is partial; neither series is a causal effect,24.64601588698995,-4.3415889603447235,62.41780631354025,0.37797738488304616,"Black APY; geometric-pay contrast, not arithmetic mean APY",366,366,366,359,214.51880123169443,101.06787341381767,50.41332535448818,0.40078850575096664,1.1750529627229993,0,0,0,Freely bargained UFA/extension contracts; positive APY,"Probability sums, not observed racial counts",predicted
2021,figure-pay-gap-by-year-adjusted,Adjusted,WhiteMinusBlack,0.03116994933311577,0.13288899700933826,0.8145703669266707,-0.22940082045469132,0.29174071912092286,-0.03116994933311577,-0.29174071912092286,0.22940082045469132,5060,2789,LogAPY,White-minus-Black log points,OLS; annual race-score interactions,Model-implied White-minus-Black gap in log veteran-contract APY,OTC position x signing year,Table 8(5): A-D quality controls and race-prior covariate dummies,1,Equal contract weights,Player-clustered SE; pointwise 95% CI; race scores held fixed,Selected veteran contracts; predicted-race calibration and outcome-model assumptions; raw retains position/quality composition; adjusted controls have pooled year slopes; 2026 signing window is partial; neither series is a causal effect,3.1660819056953,-20.49901865603067,33.87558588394696,0.3720891916261471,"Black APY; geometric-pay contrast, not arithmetic mean APY",408,408,408,400,254.3280881926146,106.54141916101037,47.13049264637475,0.390988206826342,1.042715587813343,0,0,0,Freely bargained UFA/extension contracts; positive APY,"Probability sums, not observed racial counts",predicted
2022,figure-pay-gap-by-year-adjusted,Adjusted,WhiteMinusBlack,0.07376832883651675,0.13697750259140143,0.5902449503166844,-0.1948192449815373,0.3423559026545708,-0.07376832883651675,-0.3423559026545708,0.1948192449815373,5060,2789,LogAPY,White-minus-Black log points,OLS; annual race-score interactions,Model-implied White-minus-Black gap in log veteran-contract APY,OTC position x signing year,Table 8(5): A-D quality controls and race-prior covariate dummies,1,Equal contract weights,Player-clustered SE; pointwise 95% CI; race scores held fixed,Selected veteran contracts; predicted-race calibration and outcome-model assumptions; raw retains position/quality composition; adjusted controls have pooled year slopes; 2026 signing window is partial; neither series is a causal effect,7.655736930544581,-17.701659700738105,40.826141230974066,0.383537007255924,"Black APY; geometric-pay contrast, not arithmetic mean APY",437,437,437,435,285.744424062246,105.50114049081463,45.754435446938935,0.39133500410439787,1.130793780251586,0,0,0,Freely bargained UFA/extension contracts; positive APY,"Probability sums, not observed racial counts",predicted
2023,figure-pay-gap-by-year-adjusted,Adjusted,WhiteMinusBlack,-0.05635434887610864,0.10217981489538311,0.5813205377265966,-0.25671008654635863,0.14400138879414132,0.05635434887610864,-0.14400138879414132,0.25671008654635863,5060,2789,LogAPY,White-minus-Black log points,OLS; annual race-score interactions,Model-implied White-minus-Black gap in log veteran-contract APY,OTC position x signing year,Table 8(5): A-D quality controls and race-prior covariate dummies,1,Equal contract weights,Player-clustered SE; pointwise 95% CI; race scores held fixed,Selected veteran contracts; predicted-race calibration and outcome-model assumptions; raw retains position/quality composition; adjusted controls have pooled year slopes; 2026 signing window is partial; neither series is a causal effect,-5.479585548430945,-22.640754388089473,15.488571242231119,0.28610348170707267,"Black APY; geometric-pay contrast, not arithmetic mean APY",458,458,458,454,274.468536186794,129.54148310946738,53.989980703738624,0.4002878602271921,1.0802064668086118,0,0,0,Freely bargained UFA/extension contracts; positive APY,"Probability sums, not observed racial counts",predicted
2024,figure-pay-gap-by-year-adjusted,Adjusted,WhiteMinusBlack,-0.27875093185525024,0.11774066289318282,0.017976661355489545,-0.5096186173359935,-0.047883246374507,0.27875093185525024,0.047883246374507,0.5096186173359935,5060,2789,LogAPY,White-minus-Black log points,OLS; annual race-score interactions,Model-implied White-minus-Black gap in log veteran-contract APY,OTC position x signing year,Table 8(5): A-D quality controls and race-prior covariate dummies,1,Equal contract weights,Player-clustered SE; pointwise 95% CI; race scores held fixed,Selected veteran contracts; predicted-race calibration and outcome-model assumptions; raw retains position/quality composition; adjusted controls have pooled year slopes; 2026 signing window is partial; neither series is a causal effect,-24.327164332692732,-39.92753589067475,-4.675492460074298,0.3296738561009119,"Black APY; geometric-pay contrast, not arithmetic mean APY",502,502,501,495,310.8225880494549,132.77543842248284,57.401973528062186,0.3955973633298441,1.2779503200718296,0,1,0,Freely bargained UFA/extension contracts; positive APY,"Probability sums, not observed racial counts",predicted
2025,figure-pay-gap-by-year-adjusted,Adjusted,WhiteMinusBlack,0.13925273342013694,0.11190455285369659,0.21346123102596817,-0.0801714185869628,0.3586768854272367,-0.13925273342013694,-0.3586768854272367,0.0801714185869628,5060,2789,LogAPY,White-minus-Black log points,OLS; annual race-score interactions,Model-implied White-minus-Black gap in log veteran-contract APY,OTC position x signing year,Table 8(5): A-D quality controls and race-prior covariate dummies,1,Equal contract weights,Player-clustered SE; pointwise 95% CI; race scores held fixed,Selected veteran contracts; predicted-race calibration and outcome-model assumptions; raw retains position/quality composition; adjusted controls have pooled year slopes; 2026 signing window is partial; neither series is a causal effect,14.941455877033347,-7.704187935126043,43.1434209587508,0.31333274799035044,"Black APY; geometric-pay contrast, not arithmetic mean APY",521,521,521,516,325.176713699058,137.20569750537007,58.61758879557184,0.3929836197133396,1.3240076661742834,0,0,0,Freely bargained UFA/extension contracts; positive APY,"Probability sums, not observed racial counts",predicted
2026,figure-pay-gap-by-year-adjusted,Adjusted,WhiteMinusBlack,-0.22763942759424974,0.1193348377396482,0.05654960514562946,-0.4616329953998528,0.00635414021135336,0.22763942759424974,-0.00635414021135336,0.4616329953998528,5060,2789,LogAPY,White-minus-Black log points,OLS; annual race-score interactions,Model-implied White-minus-Black gap in log veteran-contract APY,OTC position x signing year,Table 8(5): A-D quality controls and race-prior covariate dummies,1,Equal contract weights,Player-clustered SE; pointwise 95% CI; race scores held fixed,Selected veteran contracts; predicted-race calibration and outcome-model assumptions; raw retains position/quality composition; adjusted controls have pooled year slopes; 2026 signing window is partial; neither series is a causal effect,-20.35886279656438,-36.97463965263393,0.6374370586447499,0.33413754567101495,"Black APY; geometric-pay contrast, not arithmetic mean APY",454,454,454,453,283.2597344681002,116.49370043219443,54.24656509970538,0.3978816630054277,1.3884043807970372,0,0,1,Freely bargained UFA/extension contracts; positive APY,"Probability sums, not observed racial counts",predicted
2014,figure-pay-gap-by-year-raw,Raw,WhiteMinusBlack,-0.21355451108438775,0.1441868263696986,0.1386940324667085,-0.4962782367949,0.06916921462612455,0.21355451108438775,-0.06916921462612455,0.4962782367949,5060,2789,LogAPY,White-minus-Black log points,OLS; annual race-score interactions,Model-implied White-minus-Black gap in log veteran-contract APY,Signing year,None beyond annual race-score terms,0,Equal contract weights,Player-clustered SE; pointwise 95% CI; race scores held fixed,Selected veteran contracts; predicted-race calibration and outcome-model assumptions; raw retains position/quality composition; adjusted controls have pooled year slopes; 2026 signing window is partial; neither series is a causal effect,-19.229187009552444,-39.12077708929182,7.16175271662912,0.403723113835156,"Black APY; geometric-pay contrast, not arithmetic mean APY",235,235,234,230,141.1847416234478,67.32214877908937,25.493109597462826,0.4004289541070897,1.1580924609098247,0,1,0,Freely bargained UFA/extension contracts; positive APY,"Probability sums, not observed racial counts",predicted
2015,figure-pay-gap-by-year-raw,Raw,WhiteMinusBlack,-0.14401969445444177,0.15643115700756471,0.3573083355709026,-0.4507522902117421,0.16271290130285856,0.14401969445444177,-0.16271290130285856,0.4507522902117421,5060,2789,LogAPY,White-minus-Black log points,OLS; annual race-score interactions,Model-implied White-minus-Black gap in log veteran-contract APY,Signing year,None beyond annual race-score terms,0,Equal contract weights,Player-clustered SE; pointwise 95% CI; race scores held fixed,Selected veteran contracts; predicted-race calibration and outcome-model assumptions; raw retains position/quality composition; adjusted controls have pooled year slopes; 2026 signing window is partial; neither series is a causal effect,-13.412930495967531,-36.28513494108422,17.669881249274194,0.43800723962118115,"Black APY; geometric-pay contrast, not arithmetic mean APY",272,272,272,270,165.8917672094897,72.5007738572111,33.60745893329934,0.3878595590371212,1.0477812129929884,0,0,0,Freely bargained UFA/extension contracts; positive APY,"Probability sums, not observed racial counts",predicted
2016,figure-pay-gap-by-year-raw,Raw,WhiteMinusBlack,0.1529401206479419,0.1499908550051351,0.3079768008803418,-0.14116423283042004,0.4470444741263039,-0.1529401206479419,-0.4470444741263039,0.14116423283042004,5060,2789,LogAPY,White-minus-Black log points,OLS; annual race-score interactions,Model-implied White-minus-Black gap in log veteran-contract APY,Signing year,None beyond annual race-score terms,0,Equal contract weights,Player-clustered SE; pointwise 95% CI; race scores held fixed,Selected veteran contracts; predicted-race calibration and outcome-model assumptions; raw retains position/quality composition; adjusted controls have pooled year slopes; 2026 signing window is partial; neither series is a causal effect,16.52552021271778,-13.16533110481926,56.36838412126518,0.41997439401437825,"Black APY; geometric-pay contrast, not arithmetic mean APY",336,336,336,335,207.89968345957908,87.64204141519379,40.45827512522728,0.3810254791063942,0.9990559555088016,0,0,0,Freely bargained UFA/extension contracts; positive APY,"Probability sums, not observed racial counts",predicted
2017,figure-pay-gap-by-year-raw,Raw,WhiteMinusBlack,-0.29183697025874616,0.12901616008661007,0.02377293306492956,-0.5448138224090605,-0.03886011810843182,0.29183697025874616,0.03886011810843182,0.5448138224090605,5060,2789,LogAPY,White-minus-Black log points,OLS; annual race-score interactions,Model-implied White-minus-Black gap in log veteran-contract APY,Signing year,None beyond annual race-score terms,0,Equal contract weights,Player-clustered SE; pointwise 95% CI; race scores held fixed,Selected veteran contracts; predicted-race calibration and outcome-model assumptions; raw retains position/quality composition; adjusted controls have pooled year slopes; 2026 signing window is partial; neither series is a causal effect,-25.310970862084016,-42.00502530639161,-3.8114749935521166,0.3612452482425082,"Black APY; geometric-pay contrast, not arithmetic mean APY",352,352,352,347,208.8534498233633,100.01082208587988,43.135728090756714,0.3964241962501502,1.0121763864638411,0,0,0,Freely bargained UFA/extension contracts; positive APY,"Probability sums, not observed racial counts",predicted
2018,figure-pay-gap-by-year-raw,Raw,WhiteMinusBlack,-0.06295260382507727,0.14119046195147367,0.6557257114203021,-0.339801012537247,0.21389580488709242,0.06295260382507727,-0.21389580488709242,0.339801012537247,5060,2789,LogAPY,White-minus-Black log points,OLS; annual race-score interactions,Model-implied White-minus-Black gap in log veteran-contract APY,Signing year,None beyond annual race-score terms,0,Equal contract weights,Player-clustered SE; pointwise 95% CI; race scores held fixed,Selected veteran contracts; predicted-race calibration and outcome-model assumptions; raw retains position/quality composition; adjusted controls have pooled year slopes; 2026 signing window is partial; neither series is a causal effect,-6.101202292710848,-28.80880297742336,23.84936030894814,0.39533329346412627,"Black APY; geometric-pay contrast, not arithmetic mean APY",350,350,350,342,197.09195709197934,114.33298085881347,38.5750620492072,0.4016779724332942,1.0438430964560392,0,0,0,Freely bargained UFA/extension contracts; positive APY,"Probability sums, not observed racial counts",predicted
2019,figure-pay-gap-by-year-raw,Raw,WhiteMinusBlack,-0.3356966073407882,0.14674556344324086,0.022234811358066535,-0.6234375436853055,-0.047955670996270905,0.3356966073407882,0.047955670996270905,0.6234375436853055,5060,2789,LogAPY,White-minus-Black log points,OLS; annual race-score interactions,Model-implied White-minus-Black gap in log veteran-contract APY,Signing year,None beyond annual race-score terms,0,Equal contract weights,Player-clustered SE; pointwise 95% CI; race scores held fixed,Selected veteran contracts; predicted-race calibration and outcome-model assumptions; raw retains position/quality composition; adjusted controls have pooled year slopes; 2026 signing window is partial; neither series is a causal effect,-28.51600498867143,-46.39015951828304,-4.682396051479691,0.41088757764107436,"Black APY; geometric-pay contrast, not arithmetic mean APY",371,371,371,365,220.15026245755263,109.10004668487746,41.749690857569966,0.38580926173234253,1.1346362612652618,0,0,0,Freely bargained UFA/extension contracts; positive APY,"Probability sums, not observed racial counts",predicted
2020,figure-pay-gap-by-year-raw,Raw,WhiteMinusBlack,-0.0891423099484104,0.15551094988111727,0.5665405668314192,-0.3940705495535924,0.21578592965677162,0.0891423099484104,-0.21578592965677162,0.3940705495535924,5060,2789,LogAPY,White-minus-Black log points,OLS; annual race-score interactions,Model-implied White-minus-Black gap in log veteran-contract APY,Signing year,None beyond annual race-score terms,0,Equal contract weights,Player-clustered SE; pointwise 95% CI; race scores held fixed,Selected veteran contracts; predicted-race calibration and outcome-model assumptions; raw retains position/quality composition; adjusted controls have pooled year slopes; 2026 signing window is partial; neither series is a causal effect,-8.528460878858446,-32.56935174590154,24.08367242238366,0.43543065966712835,"Black APY; geometric-pay contrast, not arithmetic mean APY",366,366,366,359,214.51880123169443,101.06787341381767,50.41332535448818,0.40078850575096664,1.1750529627229993,0,0,0,Freely bargained UFA/extension contracts; positive APY,"Probability sums, not observed racial counts",predicted
2021,figure-pay-gap-by-year-raw,Raw,WhiteMinusBlack,-0.15539308362572388,0.13250915571465757,0.2410175389893969,-0.415219054816359,0.10443288756491123,0.15539308362572388,-0.10443288756491123,0.415219054816359,5060,2789,LogAPY,White-minus-Black log points,OLS; annual race-score interactions,Model-implied White-minus-Black gap in log veteran-contract APY,Signing year,None beyond annual race-score terms,0,Equal contract weights,Player-clustered SE; pointwise 95% CI; race scores held fixed,Selected veteran contracts; predicted-race calibration and outcome-model assumptions; raw retains position/quality composition; adjusted controls have pooled year slopes; 2026 signing window is partial; neither series is a causal effect,-14.392139914376234,-33.98043541718799,11.00808911344653,0.37102563600104116,"Black APY; geometric-pay contrast, not arithmetic mean APY",408,408,408,400,254.3280881926146,106.54141916101037,47.13049264637475,0.390988206826342,1.042715587813343,0,0,0,Freely bargained UFA/extension contracts; positive APY,"Probability sums, not observed racial counts",predicted
2022,figure-pay-gap-by-year-raw,Raw,WhiteMinusBlack,-0.15192856258452628,0.1259491382512881,0.2278160707542456,-0.3988915515966479,0.09503442642759538,0.15192856258452628,-0.09503442642759538,0.3988915515966479,5060,2789,LogAPY,White-minus-Black log points,OLS; annual race-score interactions,Model-implied White-minus-Black gap in log veteran-contract APY,Signing year,None beyond annual race-score terms,0,Equal contract weights,Player-clustered SE; pointwise 95% CI; race scores held fixed,Selected veteran contracts; predicted-race calibration and outcome-model assumptions; raw retains position/quality composition; adjusted controls have pooled year slopes; 2026 signing window is partial; neither series is a causal effect,-14.095035316428667,-32.89365268304059,9.969671310371227,0.3526575871036066,"Black APY; geometric-pay contrast, not arithmetic mean APY",437,437,437,435,285.744424062246,105.50114049081463,45.754435446938935,0.39133500410439787,1.130793780251586,0,0,0,Freely bargained UFA/extension contracts; positive APY,"Probability sums, not observed racial counts",predicted
2023,figure-pay-gap-by-year-raw,Raw,WhiteMinusBlack,-0.22331368497635465,0.1191336477368246,0.060968727412994785,-0.45691275635946105,0.010285386406751751,0.22331368497635465,-0.010285386406751751,0.45691275635946105,5060,2789,LogAPY,White-minus-Black log points,OLS; annual race-score interactions,Model-implied White-minus-Black gap in log veteran-contract APY,Signing year,None beyond annual race-score terms,0,Equal contract weights,Player-clustered SE; pointwise 95% CI; race scores held fixed,Selected veteran contracts; predicted-race calibration and outcome-model assumptions; raw retains position/quality composition; adjusted controls have pooled year slopes; 2026 signing window is partial; neither series is a causal effect,-20.01360953521873,-36.676441656947425,1.033846280787485,0.33357421366310885,"Black APY; geometric-pay contrast, not arithmetic mean APY",458,458,458,454,274.468536186794,129.54148310946738,53.989980703738624,0.4002878602271921,1.0802064668086118,0,0,0,Freely bargained UFA/extension contracts; positive APY,"Probability sums, not observed racial counts",predicted
2024,figure-pay-gap-by-year-raw,Raw,WhiteMinusBlack,-0.31658949134556685,0.1266906292528418,0.01251442710631753,-0.5650064072095257,-0.06817257548160804,0.31658949134556685,0.06817257548160804,0.5650064072095257,5060,2789,LogAPY,White-minus-Black log points,OLS; annual race-score interactions,Model-implied White-minus-Black gap in log veteran-contract APY,Signing year,None beyond annual race-score terms,0,Equal contract weights,Player-clustered SE; pointwise 95% CI; race scores held fixed,Selected veteran contracts; predicted-race calibration and outcome-model assumptions; raw retains position/quality composition; adjusted controls have pooled year slopes; 2026 signing window is partial; neither series is a causal effect,-27.137019741944474,-43.164349483333964,-6.590074296255029,0.354733761907957,"Black APY; geometric-pay contrast, not arithmetic mean APY",502,502,501,495,310.8225880494549,132.77543842248284,57.401973528062186,0.3955973633298441,1.2779503200718296,0,1,0,Freely bargained UFA/extension contracts; positive APY,"Probability sums, not observed racial counts",predicted
2025,figure-pay-gap-by-year-raw,Raw,WhiteMinusBlack,-0.13478025991891082,0.1222152600384192,0.27020469389301555,-0.3744218036487508,0.10486128381092913,0.13478025991891082,-0.10486128381092913,0.3744218036487508,5060,2789,LogAPY,White-minus-Black log points,OLS; annual race-score interactions,Model-implied White-minus-Black gap in log veteran-contract APY,Signing year,None beyond annual race-score terms,0,Equal contract weights,Player-clustered SE; pointwise 95% CI; race scores held fixed,Selected veteran contracts; predicted-race calibration and outcome-model assumptions; raw retains position/quality composition; adjusted controls have pooled year slopes; 2026 signing window is partial; neither series is a causal effect,-12.609207681114357,-31.231321814944295,11.055654749842937,0.34220272810757374,"Black APY; geometric-pay contrast, not arithmetic mean APY",521,521,521,516,325.176713699058,137.20569750537007,58.61758879557184,0.3929836197133396,1.3240076661742834,0,0,0,Freely bargained UFA/extension contracts; positive APY,"Probability sums, not observed racial counts",predicted
2026,figure-pay-gap-by-year-raw,Raw,WhiteMinusBlack,-0.4216373581274614,0.1273041498779392,9.379729142385355e-4,-0.671257274579581,-0.17201744167534186,0.4216373581274614,0.17201744167534186,0.671257274579581,5060,2789,LogAPY,White-minus-Black log points,OLS; annual race-score interactions,Model-implied White-minus-Black gap in log veteran-contract APY,Signing year,None beyond annual race-score terms,0,Equal contract weights,Player-clustered SE; pointwise 95% CI; race scores held fixed,Selected veteran contracts; predicted-race calibration and outcome-model assumptions; raw retains position/quality composition; adjusted controls have pooled year slopes; 2026 signing window is partial; neither series is a causal effect,-34.402812086390696,-48.89343761309587,-15.803551223081374,0.35645161965822975,"Black APY; geometric-pay contrast, not arithmetic mean APY",454,454,454,453,283.2597344681002,116.49370043219443,54.24656509970538,0.3978816630054277,1.3884043807970372,0,0,1,Freely bargained UFA/extension contracts; positive APY,"Probability sums, not observed racial counts",predicted
