year_signed,n_input,n_complete,n_year,players_year,black_mass,white_mass,other_mass,sd_black,mean_log_apy,n_missing,n_singleton,partial_year,sample,race_counts,race_measure
2014,235,235,234,230,141.1847416234478,67.32214877908937,25.493109597462826,0.4004289541070897,1.1580924609098247,0,1,0,Freely bargained UFA/extension contracts; positive APY,"Probability sums, not observed racial counts",predicted
2015,272,272,272,270,165.8917672094897,72.5007738572111,33.60745893329934,0.3878595590371212,1.0477812129929884,0,0,0,Freely bargained UFA/extension contracts; positive APY,"Probability sums, not observed racial counts",predicted
2016,336,336,336,335,207.89968345957908,87.64204141519379,40.45827512522728,0.3810254791063942,0.9990559555088016,0,0,0,Freely bargained UFA/extension contracts; positive APY,"Probability sums, not observed racial counts",predicted
2017,352,352,352,347,208.8534498233633,100.01082208587988,43.135728090756714,0.3964241962501502,1.0121763864638411,0,0,0,Freely bargained UFA/extension contracts; positive APY,"Probability sums, not observed racial counts",predicted
2018,350,350,350,342,197.09195709197934,114.33298085881347,38.5750620492072,0.4016779724332942,1.0438430964560392,0,0,0,Freely bargained UFA/extension contracts; positive APY,"Probability sums, not observed racial counts",predicted
2019,371,371,371,365,220.15026245755263,109.10004668487746,41.749690857569966,0.38580926173234253,1.1346362612652618,0,0,0,Freely bargained UFA/extension contracts; positive APY,"Probability sums, not observed racial counts",predicted
2020,366,366,366,359,214.51880123169443,101.06787341381767,50.41332535448818,0.40078850575096664,1.1750529627229993,0,0,0,Freely bargained UFA/extension contracts; positive APY,"Probability sums, not observed racial counts",predicted
2021,408,408,408,400,254.3280881926146,106.54141916101037,47.13049264637475,0.390988206826342,1.042715587813343,0,0,0,Freely bargained UFA/extension contracts; positive APY,"Probability sums, not observed racial counts",predicted
2022,437,437,437,435,285.744424062246,105.50114049081463,45.754435446938935,0.39133500410439787,1.130793780251586,0,0,0,Freely bargained UFA/extension contracts; positive APY,"Probability sums, not observed racial counts",predicted
2023,458,458,458,454,274.468536186794,129.54148310946738,53.989980703738624,0.4002878602271921,1.0802064668086118,0,0,0,Freely bargained UFA/extension contracts; positive APY,"Probability sums, not observed racial counts",predicted
2024,502,502,501,495,310.8225880494549,132.77543842248284,57.401973528062186,0.3955973633298441,1.2779503200718296,0,1,0,Freely bargained UFA/extension contracts; positive APY,"Probability sums, not observed racial counts",predicted
2025,521,521,521,516,325.176713699058,137.20569750537007,58.61758879557184,0.3929836197133396,1.3240076661742834,0,0,0,Freely bargained UFA/extension contracts; positive APY,"Probability sums, not observed racial counts",predicted
2026,454,454,454,453,283.2597344681002,116.49370043219443,54.24656509970538,0.3978816630054277,1.3884043807970372,0,0,1,Freely bargained UFA/extension contracts; positive APY,"Probability sums, not observed racial counts",predicted
