table,model,term,estimate,std_error,p_value,ci_low,ci_high,nobs,dep_var,p_wcb,wcb_ci_low,wcb_ci_high,std_error_twoway,p_sym,panel,panel_measure,variant,design,sd_net_fe,berkson_var,sd_true_implied,mean_share,calibration_controls,mean_doc_share,mean_doc_black,race_measure
table-15,(1),ShareBlackSnapW,-0.5978557094565037,0.20899324653169138,0.007503614415747113,-1.0241002459639277,-0.17161117294907963,416,WinPct,0.0065006500650065,-1.0334424423050166,-0.17065678497730358,,,,,,,,,,,,,,predicted
table-15,(2),ShareBlackSnapW,-0.46464168896725627,0.26650998662546876,0.09117001979307907,-1.0081923902888268,0.07890901235431419,416,WinPct,0.09800980098009801,-1.0195201603376036,0.09627761579813698,,,,,,,,,,,,,,predicted
table-15,(3),ShareBlackSnapW,-0.5461972588834492,0.24067739539472094,0.030349911890799854,-1.0370620430346476,-0.055332474732250836,416,WinPct,0.03650365036503651,-1.0511802293088015,-0.035382208342831414,,,,,,,,,,,,,,predicted
table-15,(3),LagWinPct,-0.08425586731731008,0.09493698791463553,0.38164793683848197,-0.27788113072958254,0.1093693960949624,416,WinPct,,,,,,,,,,,,,,,,,predicted
table-15,(3),LagExpectedWins,0.01765902917685108,0.00843717998288182,0.04462653584990744,4.512871520969894e-4,0.03486677120160517,416,WinPct,,,,,,,,,,,,,,,,,predicted
table-15,(4),ShareBlackSnapW,-0.5902397081241504,0.24221006977641263,0.020750858708878734,-1.0842304022857563,-0.09624901396254454,416,WinPct,0.0259025902590259,-1.1063761124408582,-0.07304904485757167,,,,,,,,,,,,,,predicted
table-15,(4),MeanPriorBlackSnapW,-1.692910525082603,0.691707808071212,0.020251108579548958,-3.1036579006212257,-0.28216314954398025,416,WinPct,,,,,,,,,,,,,,,,,predicted
table-15,(4),LagWinPct,-0.1444860575947638,0.08665193188683448,0.10550160496342037,-0.32121383783418844,0.032241722644660825,416,WinPct,,,,,,,,,,,,,,,,,predicted
table-15,(4),LagExpectedWins,0.013597939355868373,0.008536334039539763,0.12131859610133328,-0.003812028700704344,0.03100790741244109,416,WinPct,,,,,,,,,,,,,,,,,predicted
table-15,(4),ShareBlackCoachesPre,-0.32311578491377185,0.21389075825554443,0.1410027876441436,-0.7593488624358783,0.11311729260833459,416,WinPct,,,,,,,,,,,,,,,,,predicted
table-15,(4),HCWeek1Black,-0.1289043257400186,0.10511065877546152,0.22929433432884463,-0.34327892767215695,0.0854702761921198,416,WinPct,,,,,,,,,,,,,,,,,predicted
table-15,(4),QBWeek1Black,-0.03380877816784501,0.031910155426888485,0.2975583747954706,-0.09888996923758339,0.031272412901893365,416,WinPct,,,,,,,,,,,,,,,,,predicted
table-15,(5),ShareBlackSnapW,-0.6397323486393918,0.2509984051013908,0.015981335450452494,-1.151646970867731,-0.12781772641105238,416,WinPct,0.019001900190019003,-1.1740790720162146,-0.10742064703934484,,,,,,,,,,,,,,predicted
table-15,(5),LagWinPct,-0.09275528876335036,0.09347829563838521,0.328750451851194,-0.2834055296640557,0.09789495213735498,416,WinPct,,,,,,,,,,,,,,,,,predicted
table-15,(5),LagExpectedWins,0.015503618400080042,0.008183478571715043,0.06752015842344973,-0.001186696185229659,0.032193932985389744,416,WinPct,,,,,,,,,,,,,,,,,predicted
table-15,(5),ShareBlackCoachesPre,-0.41091644311776887,0.19154165938204482,0.03987211081685513,-0.80156823297253,-0.020264653263007748,416,WinPct,,,,,,,,,,,,,,,,,predicted
table-15,(5),HCWeek1Black,-0.06034552219749618,0.09882114663921229,0.5458801934194555,-0.2618925795564809,0.14120153516148853,416,WinPct,,,,,,,,,,,,,,,,,predicted
table-15,(5),QBWeek1Black,0.02300452659717895,0.03261565212155542,0.48587652166149486,-0.043515534467720864,0.08952458766207877,416,WinPct,,,,,,,,,,,,,,,,,predicted
table-15,(6),MeanPriorBlackSnapW,-1.8196273766976527,0.6962685572318489,0.013708023485456359,-3.2396764614750353,-0.39957829192026995,416,WinPct,,,,,,,,,,,,,,,,,predicted
table-15,(6),ResidualShareBlackSnapW,-0.5130140492890267,0.22680086781331674,0.03085848023811037,-0.9755774688486605,-0.050450629729392904,416,WinPct,0.036303630363036306,-0.9958137031844838,-0.03226746634600226,,,,,,,,,,,,,,predicted
table-15,(6),LagWinPct,-0.14337433208771702,0.08603569542563631,0.10569773466245805,-0.31884528977836823,0.03209662560293419,416,WinPct,,,,,,,,,,,,,,,,,predicted
table-15,(6),LagExpectedWins,0.013832773534045453,0.008519642167962567,0.11458079201412212,-0.0035431512260000464,0.031208698294090953,416,WinPct,,,,,,,,,,,,,,,,,predicted
table-15,(6),ShareBlackCoachesPre,-0.3229355721411731,0.21411766389746317,0.14162432500696706,-0.759631426771036,0.1137602824886898,416,WinPct,,,,,,,,,,,,,,,,,predicted
table-15,(6),HCWeek1Black,-0.13069975957913285,0.10469193456397528,0.22122308487330855,-0.34422036785161336,0.08282084869334763,416,WinPct,,,,,,,,,,,,,,,,,predicted
table-15,(6),QBWeek1Black,-0.037807041315155915,0.03192731986901454,0.24535021276324845,-0.10292323949541027,0.02730915686509844,416,WinPct,,,,,,,,,,,,,,,,,predicted
table-15,(7),ShareBlackSnapW,-0.692606595097122,0.2494298574956011,0.009230641137612726,-1.2013221433921402,-0.18389104680210366,416,WinPct,0.013101310131013101,-1.2129075613498983,-0.15423801889816344,,,,,,,,,,,,,,predicted
table-15,(7),MeanPriorBlackSnapW,-1.0501550370292152,0.7782745276863673,0.187001693424363,-2.6374564012333748,0.5371463271749446,416,WinPct,,,,,,,,,,,,,,,,,predicted
table-15,(7),ExpectedShareBlackSnapW,-3.472389171834459,1.7914209034143735,0.06173394176144506,-7.126016192503675,0.18123784883475702,416,WinPct,,,,,,,,,,,,,,,,,predicted
table-15,(7),LagWinPct,-0.14216447051648265,0.08877227912005671,0.11941973825775513,-0.3232167274490934,0.03888778641612811,416,WinPct,,,,,,,,,,,,,,,,,predicted
table-15,(7),LagExpectedWins,0.013826989718725698,0.008511502958049427,0.11439368846934289,-0.0035323350132589124,0.03118631445071031,416,WinPct,,,,,,,,,,,,,,,,,predicted
table-15,(7),ShareBlackCoachesPre,-0.29047579686965835,0.20720152127421662,0.1708791569538753,-0.7130660856222146,0.13211449188289787,416,WinPct,,,,,,,,,,,,,,,,,predicted
table-15,(7),HCWeek1Black,-0.10763726040110874,0.1075405113283804,0.32462447514365456,-0.32696757928768583,0.11169305848546834,416,WinPct,,,,,,,,,,,,,,,,,predicted
table-15,(7),QBWeek1Black,-0.027059637502827815,0.03234657438323269,0.4092461669583657,-0.0930309109022925,0.03891163589663686,416,WinPct,,,,,,,,,,,,,,,,,predicted
table-15,(8),ShareBlackSnapW,-1.955154102143173,2.7685219284256153,0.4853325486801793,-7.60159180181053,3.6912835975241833,416,WinPct,,,,,,,,,,,,,,,,,predicted
table-15,(8),MeanPriorBlackSnapW,-1.728893174762705,0.6995493129644536,0.01915429169671136,-3.155633404971077,-0.3021529445543327,416,WinPct,,,,,,,,,,,,,,,,,predicted
table-15,(8),ShareBlackSnapWSq,1.043575427561092,2.1312021393290492,0.6278182001875081,-3.3030399925892953,5.390190847711479,416,WinPct,0.6409640964096409,-3.2860672440239966,6.203213295145098,,,,,,,,,,,,,,predicted
table-15,(8),LagWinPct,-0.14567187219260472,0.08706166238552587,0.10435071290475804,-0.32323530329350914,0.0318915589082997,416,WinPct,,,,,,,,,,,,,,,,,predicted
table-15,(8),LagExpectedWins,0.01356101613678748,0.008605051083853673,0.12519200311138542,-0.003989101255660071,0.03111113352923503,416,WinPct,,,,,,,,,,,,,,,,,predicted
table-15,(8),ShareBlackCoachesPre,-0.333394692792125,0.21658489464846548,0.13387113682368176,-0.7751224977140199,0.10833311212976976,416,WinPct,,,,,,,,,,,,,,,,,predicted
table-15,(8),HCWeek1Black,-0.12992648179942384,0.105713875264741,0.22830519132015914,-0.3455313518725358,0.0856783882736881,416,WinPct,,,,,,,,,,,,,,,,,predicted
table-15,(8),QBWeek1Black,-0.035190696189211446,0.03161462464259996,0.27421637386649356,-0.0996691482505693,0.02928775587214641,416,WinPct,,,,,,,,,,,,,,,,,predicted
table-15,(9),MeanPriorBlackSnapW,-1.7436816101687613,0.7029505957883524,0.018753792287735455,-3.1773588024314723,-0.3100044179060504,416,WinPct,,,,,,,,,,,,,,,,,predicted
table-15,(9),Blau3SnapW,0.5311039416903975,0.26265944700072585,0.05187640290983395,-0.004593532290627533,1.0668014156714225,416,WinPct,0.06520652065206521,-0.034103172588867456,1.0918828205172022,,,,,,,,,,,,,,predicted
table-15,(9),LagWinPct,-0.1400872968330115,0.0867846406520221,0.116619658453188,-0.3170857383834909,0.036911144717467925,416,WinPct,,,,,,,,,,,,,,,,,predicted
table-15,(9),LagExpectedWins,0.01400246821232159,0.008502463914905027,0.10968608771965778,-0.0033384212696274587,0.031343357694270636,416,WinPct,,,,,,,,,,,,,,,,,predicted
table-15,(9),ShareBlackCoachesPre,-0.3040293455504609,0.21489119378465965,0.16709226461229923,-0.7423028247864505,0.13424413368552873,416,WinPct,,,,,,,,,,,,,,,,,predicted
table-15,(9),HCWeek1Black,-0.12511235495944023,0.10308345020079432,0.23402874974393312,-0.33535243774489476,0.0851277278260143,416,WinPct,,,,,,,,,,,,,,,,,predicted
table-15,(9),QBWeek1Black,-0.03889388761481676,0.03223115591739174,0.2366692208539605,-0.10462976350123637,0.026841988271602855,416,WinPct,,,,,,,,,,,,,,,,,predicted
table-15b,(1),ShareBlackRoster,-0.3805052212218968,0.27231777905520255,0.17224987720718746,-0.9359009932977885,0.17489055085399496,767,WinPct,0.20362036203620362,-0.9647695587173264,0.1608327116157826,,,,,,,,,,,,,,predicted
table-15b,(2),ShareBlackRoster,-0.2139862129801747,0.23551732402485112,0.3705819208571214,-0.6943269621881584,0.266354536227809,767,WinPct,0.3939393939393939,-0.7141837413688044,0.2864997716003073,,,,,,,,,,,,,,predicted
table-15b,(3),ShareBlackRoster,-0.2741243487325691,0.20600526047339493,0.19300434433746627,-0.6942748474964525,0.14602615003131436,767,WinPct,0.21242124212421243,-0.7176796189365284,0.1593194939219395,,,,,,,,,,,,,,predicted
table-15b,(3),LagWinPct,-7.695512231227216e-4,0.06028645679136914,0.9898971503081603,-0.12372459048471614,0.1221854880384707,767,WinPct,,,,,,,,,,,,,,,,,predicted
table-15b,(3),LagExpectedWins,0.023671829405927658,0.005970904001961257,4.031181795640578e-4,0.01149409040678555,0.03584956840506977,767,WinPct,,,,,,,,,,,,,,,,,predicted
table-15b,(4),ShareBlackRoster,-0.41698651324465275,0.2295385673178016,0.0789546025324898,-0.8851335077558762,0.051160481266570745,767,WinPct,0.0968096809680968,-0.9105593787735162,0.08760944985158207,,,,,,,,,,,,,,predicted
table-15b,(4),MeanPriorBlackRoster,1.35748903557808,0.6352283636521575,0.04059521959046987,0.06193224637711725,2.653045824779043,767,WinPct,,,,,,,,,,,,,,,,,predicted
table-15b,(4),LagWinPct,-0.011897419184230281,0.06257675398002273,0.8504505495807615,-0.1395235503583266,0.11572871198986602,767,WinPct,,,,,,,,,,,,,,,,,predicted
table-15b,(4),LagExpectedWins,0.01846403474338273,0.005361561062220172,0.0016654566633181737,0.007529058863309282,0.02939901062345618,767,WinPct,,,,,,,,,,,,,,,,,predicted
table-15b,(4),ShareBlackCoachesPre,-0.24118195425979946,0.15476520087428153,0.12929654134548096,-0.5568276624771378,0.07446375395753888,767,WinPct,,,,,,,,,,,,,,,,,predicted
table-15b,(4),HCWeek1Black,-0.02577081610295721,0.05209912204995381,0.6243349693758489,-0.13202767606928562,0.08048604386337119,767,WinPct,,,,,,,,,,,,,,,,,predicted
table-15b,(4),QBWeek1Black,4.1748590095520117e-4,0.036614627867380914,0.9909756533735079,-0.07425853996936882,0.07509351177127921,767,WinPct,,,,,,,,,,,,,,,,,predicted
table-15b,(5),ShareBlackRoster,-0.3125810870448434,0.20161643296952164,0.13120170960706648,-0.7237805131006629,0.09861833901097611,767,WinPct,0.1423142314231423,-0.7405377376955287,0.11183525232747435,,,,,,,,,,,,,,predicted
table-15b,(5),LagWinPct,-0.005680053446371221,0.060628483767315236,0.9259613216278848,-0.129332661324437,0.11797255443169456,767,WinPct,,,,,,,,,,,,,,,,,predicted
table-15b,(5),LagExpectedWins,0.02294759862533508,0.005713606748516617,3.4910856100474753e-4,0.011294620834314177,0.03460057641635598,767,WinPct,,,,,,,,,,,,,,,,,predicted
table-15b,(5),ShareBlackCoachesPre,-0.29529357539937495,0.15433457952599955,0.06497970602553788,-0.6100610255865868,0.01947387478783691,767,WinPct,,,,,,,,,,,,,,,,,predicted
table-15b,(5),HCWeek1Black,-0.03686778275797033,0.0517808507917596,0.4817913659547943,-0.14247552421361012,0.06873995869766947,767,WinPct,,,,,,,,,,,,,,,,,predicted
table-15b,(5),QBWeek1Black,0.01666261322302246,0.0267274158459082,0.5375638182343144,-0.03784831078213574,0.07117353722818066,767,WinPct,,,,,,,,,,,,,,,,,predicted
table-15b,(6),MeanPriorBlackRoster,1.1556813978796154,0.6050723729512844,0.06542484647983546,-0.0783718427975113,2.3897346385567424,767,WinPct,,,,,,,,,,,,,,,,,predicted
table-15b,(6),ResidualShareBlackRoster,-0.4778277475187853,0.22016939994128626,0.03776636116630236,-0.9268661991840672,-0.028789295853503427,767,WinPct,0.048804880488048805,-0.9510030426020096,-0.0026250340435012426,,,,,,,,,,,,,,predicted
table-15b,(6),LagWinPct,-0.010693748365038171,0.062234896392084765,0.8646889240083129,-0.13762265639178237,0.11623515966170603,767,WinPct,,,,,,,,,,,,,,,,,predicted
table-15b,(6),LagExpectedWins,0.018073738423915808,0.005382019778088662,0.0020905258263877666,0.007097036717732569,0.029050440130099046,767,WinPct,,,,,,,,,,,,,,,,,predicted
table-15b,(6),ShareBlackCoachesPre,-0.23929031424993735,0.15272760912429148,0.12731880874598014,-0.5507803266949045,0.07219969819502986,767,WinPct,,,,,,,,,,,,,,,,,predicted
table-15b,(6),HCWeek1Black,-0.028595593314494235,0.05198722100301044,0.5862265034858207,-0.1346242295909158,0.07743304296192732,767,WinPct,,,,,,,,,,,,,,,,,predicted
table-15b,(6),QBWeek1Black,0.002124115326874346,0.03560564148412117,0.9528119824307207,-0.07049406924756053,0.07474229990130922,767,WinPct,,,,,,,,,,,,,,,,,predicted
table-15b,(7),ShareBlackRoster,-0.3476227887126226,0.23388363908069462,0.14729854547874605,-0.8246316155098237,0.12938603808457855,767,WinPct,0.17371737173717372,-0.85529775034725,0.17472052681318753,,,,,,,,,,,,,,predicted
table-15b,(7),MeanPriorBlackRoster,0.07711652335412773,0.8553667079968857,0.9287431749005841,-1.6674153792053508,1.8216484259136063,767,WinPct,,,,,,,,,,,,,,,,,predicted
table-15b,(7),ExpectedShareBlackRoster,2.3904737518800947,0.981573180154472,0.02082489010509529,0.3885420523329648,4.392405451427225,767,WinPct,,,,,,,,,,,,,,,,,predicted
table-15b,(7),LagWinPct,-0.0014200659309965224,0.0628757348421015,0.9821258410184931,-0.1296559725935177,0.12681584073152463,767,WinPct,,,,,,,,,,,,,,,,,predicted
table-15b,(7),LagExpectedWins,0.01704183002208886,0.005547687540694827,0.0044040482855268485,0.005727246686435938,0.02835641335774178,767,WinPct,,,,,,,,,,,,,,,,,predicted
table-15b,(7),ShareBlackCoachesPre,-0.22568858236160613,0.15353580973972947,0.15165491190473546,-0.538826930829145,0.08744976610593272,767,WinPct,,,,,,,,,,,,,,,,,predicted
table-15b,(7),HCWeek1Black,-0.03795991275837152,0.05062630663103493,0.4590244708694864,-0.14121294587375488,0.06529312035701186,767,WinPct,,,,,,,,,,,,,,,,,predicted
table-15b,(7),QBWeek1Black,-0.003158487917726758,0.035653267241717516,0.9299783795332901,-0.07587380586517421,0.0695568300297207,767,WinPct,,,,,,,,,,,,,,,,,predicted
table-15b,(8),ShareBlackRoster,3.266480347205444,3.173091090567618,0.31124232392658574,-3.205081598647856,9.738042293058744,767,WinPct,,,,,,,,,,,,,,,,,predicted
table-15b,(8),MeanPriorBlackRoster,1.3957468537658468,0.6253521788835585,0.032983942824989065,0.12033267619953714,2.6711610313321565,767,WinPct,,,,,,,,,,,,,,,,,predicted
table-15b,(8),ShareBlackRosterSq,-3.094278218831589,2.7261852146551697,0.26506645042422367,-8.654369621487886,2.4658131838247077,767,WinPct,0.32413241324132414,-8.736378201818066,3.4566756253393454,,,,,,,,,,,,,,predicted
table-15b,(8),LagWinPct,-0.005119557319482548,0.0627063861847527,0.9354552158711578,-0.13301007511821164,0.12277096047924654,767,WinPct,,,,,,,,,,,,,,,,,predicted
table-15b,(8),LagExpectedWins,0.017962300245959018,0.005368287527621933,0.002158833279609267,0.007013605649251955,0.028910994842666078,767,WinPct,,,,,,,,,,,,,,,,,predicted
table-15b,(8),ShareBlackCoachesPre,-0.2329789690878289,0.15485096982572444,0.14256460045004668,-0.5487996042349184,0.08284166605926058,767,WinPct,,,,,,,,,,,,,,,,,predicted
table-15b,(8),HCWeek1Black,-0.03036981330898107,0.05201206404246387,0.5635129522463485,-0.13644911729841724,0.07570949068045511,767,WinPct,,,,,,,,,,,,,,,,,predicted
table-15b,(8),QBWeek1Black,0.006673672818029652,0.03796451397848237,0.8616044575805967,-0.07075546392698955,0.08410280956304884,767,WinPct,,,,,,,,,,,,,,,,,predicted
table-15b,(9),MeanPriorBlackRoster,1.3017185570345795,0.617617508599031,0.043247392313920996,0.042079343517006595,2.5613577705521524,767,WinPct,,,,,,,,,,,,,,,,,predicted
table-15b,(9),Blau3Roster,0.569778624374621,0.33844491875314847,0.10232021122380267,-0.12048433828696514,1.2600415870362072,767,WinPct,0.11821182118211822,-0.15795195160112074,1.3138647845412543,,,,,,,,,,,,,,predicted
table-15b,(9),LagWinPct,-0.007542945662997348,0.06262357143556331,0.904904782041434,-0.13526456166719475,0.12017867034120006,767,WinPct,,,,,,,,,,,,,,,,,predicted
table-15b,(9),LagExpectedWins,0.01814660139920555,0.005374770638473954,0.0019928262460936898,0.007184684410741311,0.029108518387669785,767,WinPct,,,,,,,,,,,,,,,,,predicted
table-15b,(9),ShareBlackCoachesPre,-0.23100734080578542,0.1553039462828237,0.14699714011304524,-0.5477518275280299,0.085737145916459,767,WinPct,,,,,,,,,,,,,,,,,predicted
table-15b,(9),HCWeek1Black,-0.029095776852464263,0.05219307647888418,0.5812136537262119,-0.13554425813994464,0.07735270443501613,767,WinPct,,,,,,,,,,,,,,,,,predicted
table-15b,(9),QBWeek1Black,2.937659990597987e-4,0.036547177175948194,0.9936381832436079,-0.07424469327911845,0.07483222527723804,767,WinPct,,,,,,,,,,,,,,,,,predicted
table-16,(1) Point diff./game,ShareBlackSnapW,-19.70188469460646,7.777657043282805,0.01658013581603993,-35.564520815841476,-3.839248573371446,416,PointDiffPerGame,0.020902090209020903,-36.74687098985128,-3.010485467507477,,,,,,,,,,,,,,predicted
table-16,(1) Point diff./game,ShareBlackCoachesPre,-7.491936896437041,6.06662233375436,0.22613009480229374,-19.864894720337816,4.881020927463734,416,PointDiffPerGame,,,,,,,,,,,,,,,,,predicted
table-16,(1) Point diff./game,HCWeek1Black,-4.915339789424992,3.115664943070049,0.12480395469522373,-11.269780335282256,1.4391007564322722,416,PointDiffPerGame,,,,,,,,,,,,,,,,,predicted
table-16,(1) Point diff./game,QBWeek1Black,-1.1211371448711918,1.2196657159530868,0.36507979342653574,-3.6086617726662142,1.366387482923831,416,PointDiffPerGame,,,,,,,,,,,,,,,,,predicted
table-16,(2) Wins over exp.,ShareBlackSnapW,-3.707296546576205,2.7309119540637443,0.18441371316534966,-9.277028197813902,1.8624351046614915,416,WinsOverExpected,0.19091909190919093,-9.417108851377108,2.016900789302076,,,,,,,,,,,,,,predicted
table-16,(2) Wins over exp.,ShareBlackCoachesPre,-4.804341116113626,2.523572225813101,0.0662572433105275,-9.951200603611959,0.3425183713847062,416,WinsOverExpected,,,,,,,,,,,,,,,,,predicted
table-16,(2) Wins over exp.,HCWeek1Black,-1.3905701116990785,1.1680259818559886,0.242875164064286,-3.7727748074347343,0.9916345840365774,416,WinsOverExpected,,,,,,,,,,,,,,,,,predicted
table-16,(2) Wins over exp.,QBWeek1Black,-0.3564018979897528,0.333245141475563,0.29310669955769225,-1.036059844975437,0.32325604899593136,416,WinsOverExpected,,,,,,,,,,,,,,,,,predicted
table-16,(3) Off. EPA/play,ShareBlackOffenseSnapW,-0.1364449959836037,0.0667420128732061,0.04949020815508297,-0.2725662286780697,-3.2376328913771846e-4,416,OffEPAPerPlay,0.0701070107010701,-0.27925550234638163,0.013447447855566202,,,,,,,,,,,,,,predicted
table-16,(3) Off. EPA/play,ShareBlackDefenseSnapW,-0.09151327291769014,0.08191628649015018,0.27251149641062367,-0.25858264069321185,0.07555609485783159,416,OffEPAPerPlay,,,,,,,,,,,,,,,,,predicted
table-16,(3) Off. EPA/play,ShareBlackCoachesPre,0.0586441534668914,0.08646542516608642,0.5026524254366826,-0.11770324380772426,0.23499155074150704,416,OffEPAPerPlay,,,,,,,,,,,,,,,,,predicted
table-16,(3) Off. EPA/play,HCWeek1Black,-0.07518676325830059,0.030682360907401278,0.020108511695294647,-0.137763850896133,-0.012609675620468191,416,OffEPAPerPlay,,,,,,,,,,,,,,,,,predicted
table-16,(3) Off. EPA/play,QBWeek1Black,0.01965996212562841,0.020612091624993112,0.34755996891706065,-0.022378675901899837,0.06169860015315666,416,OffEPAPerPlay,,,,,,,,,,,,,,,,,predicted
table-16,(4) $-$Def. EPA/play,ShareBlackOffenseSnapW,-0.15673463893167142,0.06781853547427652,0.027644959839976474,-0.2950514539463702,-0.018417823916972637,416,NegDefEPAPerPlay,,,,,,,,,,,,,,,,,predicted
table-16,(4) $-$Def. EPA/play,ShareBlackDefenseSnapW,0.03929259941020448,0.0719409967217733,0.5888530739772754,-0.10743203075101208,0.18601722957142103,416,NegDefEPAPerPlay,0.6232623262326232,-0.12853331338838073,0.19862760899494153,,,,,,,,,,,,,,predicted
table-16,(4) $-$Def. EPA/play,ShareBlackCoachesPre,-0.11901289611922586,0.09394813884857785,0.2146644866566636,-0.31062138856481714,0.07259559632636542,416,NegDefEPAPerPlay,,,,,,,,,,,,,,,,,predicted
table-16,(4) $-$Def. EPA/play,HCWeek1Black,0.01539249318532165,0.03405563018741384,0.6544295398616733,-0.054064422507412294,0.0848494088780556,416,NegDefEPAPerPlay,,,,,,,,,,,,,,,,,predicted
table-16,(4) $-$Def. EPA/play,QBWeek1Black,-0.015259882671920185,0.014691476738337024,0.30698331065712614,-0.04522334702717859,0.01470358168333822,416,NegDefEPAPerPlay,,,,,,,,,,,,,,,,,predicted
table-16,(5) Playoffs,ShareBlackSnapW,-1.5049745047744547,0.5951608170644097,0.016754694137016714,-2.7188129939455914,-0.29113601560331825,416,Playoffs,0.026402640264026403,-2.7766584465565964,-0.19456425526014812,,,,,,,,,,,,,,predicted
table-16,(5) Playoffs,ShareBlackCoachesPre,-0.5064767046004035,0.4590912734380156,0.27842428632211363,-1.4427995299004865,0.42984612069967953,416,Playoffs,,,,,,,,,,,,,,,,,predicted
table-16,(5) Playoffs,HCWeek1Black,-0.2623738770513836,0.22282512579962163,0.24796211348104163,-0.7168287173146831,0.19208096321191592,416,Playoffs,,,,,,,,,,,,,,,,,predicted
table-16,(5) Playoffs,QBWeek1Black,-0.24509756749881279,0.08579140865825445,0.007573753837954172,-0.42007029904261195,-0.07012483595501359,416,Playoffs,,,,,,,,,,,,,,,,,predicted
table-16b,(1) Point diff./game,ShareBlackRoster,-16.32903295742624,6.787322024718296,0.022290085929723077,-30.171867491861697,-2.48619842299078,767,PointDiffPerGame,0.026602660266026604,-30.661414284856615,-2.0104794014279204,,,,,,,,,,,,,,predicted
table-16b,(1) Point diff./game,ShareBlackCoachesPre,-6.716035956550414,4.703619595175651,0.1633340709618165,-16.30913136764478,2.8770594545439554,767,PointDiffPerGame,,,,,,,,,,,,,,,,,predicted
table-16b,(1) Point diff./game,HCWeek1Black,-0.18981059737654254,1.4320054293789968,0.8954068673107425,-3.1104049259076687,2.7307837311545837,767,PointDiffPerGame,,,,,,,,,,,,,,,,,predicted
table-16b,(1) Point diff./game,QBWeek1Black,0.2783867733150024,1.217166940258315,0.8205910217849993,-2.2040415678510046,2.7608151144810096,767,PointDiffPerGame,,,,,,,,,,,,,,,,,predicted
table-16b,(2) Wins over exp.,ShareBlackRoster,-3.3146399551564025,2.2736277446919764,0.15493524328233313,-7.951734312555629,1.3224544022428235,767,WinsOverExpected,0.18011801180118012,-8.188537702192388,1.6554765739082073,,,,,,,,,,,,,,predicted
table-16b,(2) Wins over exp.,ShareBlackCoachesPre,-3.400042319733246,1.644105346564265,0.047069237114111394,-6.753217281343291,-0.046867358123201086,767,WinsOverExpected,,,,,,,,,,,,,,,,,predicted
table-16b,(2) Wins over exp.,HCWeek1Black,-0.3999517284787822,0.5616683157680005,0.4817415018812857,-1.5454818109024429,0.7455783539448786,767,WinsOverExpected,,,,,,,,,,,,,,,,,predicted
table-16b,(2) Wins over exp.,QBWeek1Black,-0.04775241011347158,0.30266633734858017,0.8756593245868527,-0.6650444749074522,0.5695396546805092,767,WinsOverExpected,,,,,,,,,,,,,,,,,predicted
table-16b,(3) Off. EPA/play,ShareBlackOffense,-0.10181248076950317,0.08611934334108362,0.2461052993024695,-0.2774540395084722,0.07382907796946586,767,OffEPAPerPlay,0.2879287928792879,-0.2879008622381738,0.09381594690217085,,,,,,,,,,,,,,predicted
table-16b,(3) Off. EPA/play,ShareBlackDefense,-0.07029800072019865,0.05604586512944733,0.21911065616521,-0.18460429626662606,0.04400829482622874,767,OffEPAPerPlay,,,,,,,,,,,,,,,,,predicted
table-16b,(3) Off. EPA/play,ShareBlackCoachesPre,-0.02262371601761908,0.055812650369257824,0.6880034887874182,-0.13645436692474186,0.09120693488950371,767,OffEPAPerPlay,,,,,,,,,,,,,,,,,predicted
table-16b,(3) Off. EPA/play,HCWeek1Black,-0.019695047703271077,0.022167041006716775,0.38112323481824784,-0.06490502590329052,0.02551493049674836,767,OffEPAPerPlay,,,,,,,,,,,,,,,,,predicted
table-16b,(3) Off. EPA/play,QBWeek1Black,0.010555115046634467,0.019839731929769025,0.598505359757902,-0.029908284997029622,0.05101851509029856,767,OffEPAPerPlay,,,,,,,,,,,,,,,,,predicted
table-16b,(4) $-$Def. EPA/play,ShareBlackOffense,-0.02943769709928401,0.04605873149950049,0.5274306225059542,-0.12337509931647705,0.06449970511790903,767,NegDefEPAPerPlay,,,,,,,,,,,,,,,,,predicted
table-16b,(4) $-$Def. EPA/play,ShareBlackDefense,-0.0637275647530125,0.05392266318390666,0.24625885961059807,-0.1737035613820947,0.046248431876069696,767,NegDefEPAPerPlay,0.26872687268726875,-0.17725544421637726,0.04855185602514807,,,,,,,,,,,,,,predicted
table-16b,(4) $-$Def. EPA/play,ShareBlackCoachesPre,-0.09333812714203293,0.06960304519750275,0.18966205829782665,-0.23529447373247675,0.04861821944841088,767,NegDefEPAPerPlay,,,,,,,,,,,,,,,,,predicted
table-16b,(4) $-$Def. EPA/play,HCWeek1Black,0.009789510027486858,0.018347659662898672,0.5974537427088191,-0.027630788564899974,0.047209808619873686,767,NegDefEPAPerPlay,,,,,,,,,,,,,,,,,predicted
table-16b,(4) $-$Def. EPA/play,QBWeek1Black,0.002630273972688801,0.015473020165156942,0.8661217653490008,-0.028927158710511554,0.034187706655889154,767,NegDefEPAPerPlay,,,,,,,,,,,,,,,,,predicted
table-16b,(5) Playoffs,ShareBlackRoster,-0.7962969051718739,0.48574676101875924,0.1112562627508614,-1.786983955813136,0.19439014546938826,767,Playoffs,0.11621162116211621,-1.7885701575962138,0.22495314584027873,,,,,,,,,,,,,,predicted
table-16b,(5) Playoffs,ShareBlackCoachesPre,-0.4553933644089403,0.2994883846713448,0.1385028185699801,-1.0662039519856878,0.15541722316780737,767,Playoffs,,,,,,,,,,,,,,,,,predicted
table-16b,(5) Playoffs,HCWeek1Black,0.04508830834119115,0.1212424431529796,0.7125081338535912,-0.2021872847432629,0.29236390142564517,767,Playoffs,,,,,,,,,,,,,,,,,predicted
table-16b,(5) Playoffs,QBWeek1Black,-0.09790362655168039,0.07829738299104652,0.2205072619247677,-0.2575921919795692,0.06178493887620842,767,Playoffs,,,,,,,,,,,,,,,,,predicted
table-17,(1) ATS margin,ShareBlackActiveRoster,-2.293490431693037,8.425390457544669,0.7872641106466999,-19.477187560995375,14.890206697609301,12446,AtsMargin,0.7862786278627862,-19.655224584719896,14.796103864362866,8.457830133079813,,,,,,,,,,,,,predicted
table-17,"(2) ATS, residual share",ResidualShareBlackActiveRoster,-6.047131275434358,8.427892855699994,0.47842931520728793,-23.235932079422717,11.141669528554003,12446,AtsMargin,0.4813481348134813,-23.273932758249675,11.02903048560631,8.493131013673093,,,,,,,,,,,,,predicted
table-17,"(3) Margin, spread and home",ShareBlackActiveRoster,-1.1696514966406808,8.330511887480535,0.8892477896115881,-18.159842506522356,15.820539513240993,12446,margin,0.8875887588758876,-18.20494873179635,15.786573094922044,8.352943537240142,,,,,,,,,,,,,predicted
table-17,"(3) Margin, spread and home",team_spread_line,0.8006223097293913,0.020169245144272204,3.808970986774987e-28,0.7594868630539827,0.8417577564047999,12446,margin,,,,,,,,,,,,,,,,,predicted
table-17,"(3) Margin, spread and home",Home,0.9467964042298006,0.2351622831260155,3.396840209148449e-4,0.4671797657090128,1.4264130427505883,12446,margin,,,,,,,,,,,,,,,,,predicted
table-17,(4) Win minus market prob.,ShareBlackActiveRoster,-0.040636695393246075,0.27792116353504853,0.8846970733784598,-0.6074606454611127,0.5261872546746205,12446,WinOverMarket,0.8892889288928892,-0.6112908021147923,0.5300145257175803,0.28074720376169504,,,,,,,,,,,,,predicted
table-17,"(5) ATS, franchise and season FE",ShareBlackActiveRoster,-6.428712344438665,2.6803812544650625,0.022670671639010598,-11.895385954389033,-0.9620387344882975,12446,AtsMargin,0.022802280228022803,-11.907170853463546,-0.9816896054830698,2.7033442038845066,,,,,,,,,,,,,predicted
table-17,"(6) ATS, opponent-season FE",ShareBlackActiveRoster,-5.077235286588582,9.383227204050344,0.5923082766778699,-24.214453339841832,14.059982766664668,12446,AtsMargin,,,,9.413684456623058,,,,,,,,,,,,,predicted
table-17,"(7) Margin, opponent-season FE",ShareBlackActiveRoster,-0.6170897512927651,8.508563679794065,0.9426494583606205,-17.970419785752867,16.736240283167334,12446,margin,,,,8.52032714319616,,,,,,,,,,,,,predicted
table-17,"(7) Margin, opponent-season FE",team_spread_line,-0.20234790002428024,0.04071017266623538,2.337552111636858e-5,-0.2853768445821868,-0.11931895546637367,12446,margin,,,,,,,,,,,,,,,,,predicted
table-17,"(7) Margin, opponent-season FE",Home,5.243046677769285,0.28836621715269445,4.314230448761001e-18,4.654919900399898,5.831173455138671,12446,margin,,,,,,,,,,,,,,,,,predicted
table-17,(8) Symmetry check,ShareBlackActiveRoster,-5.161011907440027,11.744395215175416,0.6633875949778991,-29.113863868583927,18.791840053703872,6223,AtsMargin,,,,9.518432429109094,0.6825286929989809,,,,,,,,,,,,predicted
table-17,(8) Symmetry check,OppShareBlackActiveRoster,11.278818176794797,12.572945025117908,0.37659547615939015,-14.363872262736002,36.921508616325596,6223,AtsMargin,,,,,,,,,,,,,,,,,predicted
table-17,"(9) Symmetry, game QB",ShareBlackActiveRoster,-4.734266668742963,11.419583926140517,0.6813084561282496,-28.024661638358836,18.556128300872906,6223,AtsMargin,,,,8.853088002952097,0.6252564546946133,,,,,,,,,,,,predicted
table-17,"(9) Symmetry, game QB",OppShareBlackActiveRoster,12.093916613629066,12.395427080192752,0.3367778951457855,-13.186723590250221,37.37455681750835,6223,AtsMargin,,,,,,,,,,,,,,,,,predicted
table-17,"(9) Symmetry, game QB",GameQBBlack,-1.0368906120810253,1.7645836609041927,0.561048987449297,-4.635782715786526,2.5620014916244758,6223,AtsMargin,,,,,,,,,,,,,,,,,predicted
table-17,"(9) Symmetry, game QB",OppGameQBBlack,-0.893465927659208,1.9945279927885948,0.6572981648023295,-4.961332588165585,3.174400732847169,6223,AtsMargin,,,,,,,,,,,,,,,,,predicted
table-18,(1),F1ShareBlackSnapW,-0.6309043227842717,0.23580666115371673,0.01180932375211937,-1.1118351789571186,-0.1499734666114248,384,WinPct,0.012901290129012902,-1.128186192162552,-0.13821197379524996,,,,,,,,,,,,,,predicted
table-18,(1),ShareBlackSnapW,-0.1697430364061424,0.28885737577328346,0.5610330065504764,-0.7588715383865341,0.41938546557424927,384,WinPct,0.5648564856485648,-0.7840700983573918,0.441447372688729,,,,,,,,,,,,,,predicted
table-18,(1),LagWinPct,-0.16619614007784667,0.07699117066910294,0.03873514132303327,-0.32322066791128284,-0.009171612244410488,384,WinPct,,,,,,,,,,,,,,,,,predicted
table-18,(1),MeanPriorBlackSnapW,-1.9774254992193032,0.7151336818755455,0.009497923394359982,-3.4359502593754496,-0.5189007390631568,384,WinPct,,,,,,,,,,,,,,,,,predicted
table-18,(2),F1ShareBlackSnapW,-5.512443855077485,2.5464974894491395,0.03822637883744336,-10.7060597260237,-0.31882798413126867,384,WinsOverExpected,0.0405040504050405,-10.883144911402205,-0.28645653007633975,,,,,,,,,,,,,,predicted
table-18,(2),ShareBlackSnapW,-0.3339279628372327,3.328624090346105,0.9207361873502966,-7.1227015530971265,6.45484562742266,384,WinsOverExpected,0.921992199219922,-7.270771460384355,6.546041342246686,,,,,,,,,,,,,,predicted
table-18,(2),LagWinPct,-3.0381028221386606,0.8958365003472851,0.0019146210097390113,-4.865173410369649,-1.211032233907672,384,WinsOverExpected,,,,,,,,,,,,,,,,,predicted
table-18,(2),MeanPriorBlackSnapW,-20.762954861762623,8.792465995918972,0.02466808358305915,-38.695307487422554,-2.830602236102692,384,WinsOverExpected,,,,,,,,,,,,,,,,,predicted
table-18,(3),F1ShareBlackRoster,-0.41257846998263303,0.19301675861195636,0.04054983134357128,-0.8062387445515677,-0.018918195413698324,735,WinPct,0.043704370437043706,-0.8081243091093169,-0.009931609800154595,,,,,,,,,,,,,,predicted
table-18,(3),ShareBlackRoster,-0.17750575918741485,0.23743293852990177,0.4603330210541422,-0.6617534299365613,0.30674191156173164,735,WinPct,0.459045904590459,-0.6777556310762143,0.310002467471216,,,,,,,,,,,,,,predicted
table-18,(3),LagWinPct,-0.03936662973268207,0.0610590276280395,0.5238445601034232,-0.16389733760395842,0.08516407813859427,735,WinPct,,,,,,,,,,,,,,,,,predicted
table-18,(3),MeanPriorBlackRoster,1.5527329167563524,0.6378698670794064,0.020877954032789976,0.25178874579681354,2.8536770877158912,735,WinPct,,,,,,,,,,,,,,,,,predicted
table-18,(4),L1ShareBlackSnapW,0.5594655205527733,0.04422971055138387,8.888066053524829e-14,0.4692584311530048,0.6496726099525418,384,ShareBlackSnapW,,,,,,,,,,,,,,,,,predicted
table-18,(4),LagWinPct,-0.020861772637948795,0.009631644029147799,0.038122824161144216,-0.04050564014629941,-0.0012179051295981812,384,ShareBlackSnapW,0.0349034903490349,-0.040263345975723244,-0.0014805465837364469,,,,,,,,,,,,,,predicted
table-18,(5),L1ShareBlackRoster,0.5411746291372251,0.027638006706664418,5.182621508175772e-19,0.48480654282738894,0.5975427154470613,736,ShareBlackRoster,,,,,,,,,,,,,,,,,predicted
table-18,(5),LagWinPct,-0.015880374510650514,0.0079022227535337,0.05324582934656724,-0.03199706407290215,2.3631505160111657e-4,736,ShareBlackRoster,0.054705470547054706,-0.03212119132267285,3.274840493604485e-4,,,,,,,,,,,,,,predicted
table-18,(6),L1ShareBlackSnapW,0.5908142783848628,0.040967555477223194,2.7069751417117814e-15,0.5072603981230752,0.6743681586466503,384,ShareBlackSnapW,,,,,,,,,,,,,,,,,predicted
table-18,(6),LagWinPct,-0.0208584095025445,0.009667233278474538,0.03881934488415291,-0.04057486176344415,-0.001141957241644849,384,ShareBlackSnapW,0.041404140414041404,-0.04038974106736298,-9.652427602719072e-4,,,,,,,,,,,,,,predicted
table-18,(6),MeanPriorBlackSnapW,0.7626240294595229,0.13593835689319445,3.7355755388781477e-6,0.48537592269481894,1.039872136224227,384,ShareBlackSnapW,,,,,,,,,,,,,,,,,predicted
table-18,(6),L1MeanPriorBlackSnapW,-0.615196938242308,0.16638096282527085,8.40189734123543e-4,-0.9545331491488289,-0.2758607273357872,384,ShareBlackSnapW,,,,,,,,,,,,,,,,,predicted
table-18,(7),L1ShareBlackRoster,0.5882331623769916,0.0259534476630361,7.419374557352746e-21,0.535300756887884,0.6411655678660992,736,ShareBlackRoster,,,,,,,,,,,,,,,,,predicted
table-18,(7),LagWinPct,-0.008635102107168955,0.006620041063091855,0.20170307394475265,-0.022136764871041166,0.004866560656703257,736,ShareBlackRoster,0.2081208120812081,-0.022132472023800046,0.004917863390745137,,,,,,,,,,,,,,predicted
table-18,(7),MeanPriorBlackRoster,0.8404810801424804,0.08722132759678052,7.707302085433396e-11,0.6625920096963004,1.0183701505886602,736,ShareBlackRoster,,,,,,,,,,,,,,,,,predicted
table-18,(7),L1MeanPriorBlackRoster,-0.5709814550976077,0.07110254308051708,4.558510011346786e-9,-0.7159960477833022,-0.42596686241191317,736,ShareBlackRoster,,,,,,,,,,,,,,,,,predicted
table-18b,(1) Contemp. controls,ShareBlackSnapW,-0.7436326068361513,0.23359811869206956,0.0033043609120829254,-1.2200591109615313,-0.2672061027107713,416,WinPct,0.0056005600560056,-1.2485936787982348,-0.22544981024466104,,,,,,,,,,,,,,predicted
table-18b,(1) Contemp. controls,ShareBlackCoaches,-0.4505943276497242,0.18038855337771384,0.018008002975273288,-0.8184992078395678,-0.0826894474598806,416,WinPct,,,,,,,,,,,,,,,,,predicted
table-18b,(1) Contemp. controls,HCBlack,-0.14624243520561614,0.08182696566582337,0.08368462234834224,-0.3131296319588801,0.020644761547647855,416,WinPct,,,,,,,,,,,,,,,,,predicted
table-18b,(1) Contemp. controls,QBBlack,0.018640655914579942,0.042447596783660266,0.663602257615787,-0.0679317884929081,0.10521310032206799,416,WinPct,,,,,,,,,,,,,,,,,predicted
table-18b,(2) No lagged outcomes,ShareBlackSnapW,-0.5842886570600502,0.24028417539346386,0.021003133929934407,-1.0743514637312928,-0.09422585038880765,416,WinPct,0.027302730273027303,-1.0910210404630882,-0.06720656542338035,,,,,,,,,,,,,,predicted
table-18b,(2) No lagged outcomes,ShareBlackCoachesPre,-0.3133719271702739,0.2056059974832661,0.13761205962391082,-0.7327081236971411,0.10596426935659337,416,WinPct,,,,,,,,,,,,,,,,,predicted
table-18b,(2) No lagged outcomes,HCWeek1Black,-0.13026127061335654,0.10230860340059934,0.2124055503536936,-0.3389210429309162,0.07839850170420312,416,WinPct,,,,,,,,,,,,,,,,,predicted
table-18b,(2) No lagged outcomes,QBWeek1Black,-0.02810326153951294,0.03293424792902532,0.40003061980408117,-0.09527310303771314,0.03906657995868726,416,WinPct,,,,,,,,,,,,,,,,,predicted
table-18b,(3) Opening-day share,ShareBlackWeek1,-0.4905720998537755,0.17617228047972996,0.009054315976792234,-0.8498778347745042,-0.13126636493304678,767,WinPct,0.010001000100010001,-0.8631651805990003,-0.1298869248235769,,,,,,,,,,,,,,predicted
table-18b,(3) Opening-day share,ShareBlackCoachesPre,-0.31359001546968823,0.1549724567285384,0.051713501768545715,-0.6296584247886279,0.002478393849251359,767,WinPct,,,,,,,,,,,,,,,,,predicted
table-18b,(3) Opening-day share,HCWeek1Black,-0.02267044510086501,0.05708227881486667,0.6939753281233143,-0.1390905202947344,0.09374963009300438,767,WinPct,,,,,,,,,,,,,,,,,predicted
table-18b,(3) Opening-day share,QBWeek1Black,0.024007247948976945,0.03834051558080149,0.5357945397453054,-0.05418874911983869,0.10220324501779258,767,WinPct,,,,,,,,,,,,,,,,,predicted
table-18b,"(4) Opening day, prior snaps",ShareBlackWeek1PriorSnapW,-0.48185732812830634,0.2039523637514558,0.02460369484276616,-0.8978209164237319,-0.06589373983288083,384,WinPct,0.034103410341034104,-0.9332220925220953,-0.037094563444851306,,,,,,,,,,,,,,predicted
table-18b,"(4) Opening day, prior snaps",ShareBlackCoachesPre,-0.38002266403590135,0.1998509099807913,0.06656212081351452,-0.7876212822162834,0.027575954144480663,384,WinPct,,,,,,,,,,,,,,,,,predicted
table-18b,"(4) Opening day, prior snaps",HCWeek1Black,-0.12425586218498277,0.1017696982034233,0.23130974834729068,-0.331816530106569,0.08330480573660343,384,WinPct,,,,,,,,,,,,,,,,,predicted
table-18b,"(4) Opening day, prior snaps",QBWeek1Black,-0.015299892917602243,0.031248404465791624,0.6278486952276333,-0.07903143400401783,0.048431648168813346,384,WinPct,,,,,,,,,,,,,,,,,predicted
table-18b,"(5) Trimmed, snap-weighted",ShareBlackSnapW,-0.7321855614354338,0.25132751897391986,0.006580408802516456,-1.2447714158321919,-0.21959970703867582,403,WinPct,0.009900990099009901,-1.2608353101004743,-0.19211909754895265,,,,,,,,,,,,,,predicted
table-18b,"(5) Trimmed, snap-weighted",ShareBlackCoachesPre,-0.4049235137285423,0.21759329756390425,0.07226360967839812,-0.8487079699558598,0.03886094249877525,403,WinPct,,,,,,,,,,,,,,,,,predicted
table-18b,"(5) Trimmed, snap-weighted",HCWeek1Black,-0.1377896462149104,0.10100727496951024,0.18234142822529506,-0.3437953416990859,0.06821604926926508,403,WinPct,,,,,,,,,,,,,,,,,predicted
table-18b,"(5) Trimmed, snap-weighted",QBWeek1Black,-0.027175737724621476,0.03128735117675118,0.3917489537301231,-0.090986711151732,0.03663523570248904,403,WinPct,,,,,,,,,,,,,,,,,predicted
table-18b,"(6) Trimmed, headcount",ShareBlackRoster,-0.47379249877058977,0.21808188502031664,0.037579809711549984,-0.918573435685001,-0.029011561856178536,743,WinPct,0.049104910491049106,-0.9460869929471784,-0.0018146008924817825,,,,,,,,,,,,,,predicted
table-18b,"(6) Trimmed, headcount",ShareBlackCoachesPre,-0.28503378101245136,0.15986242946380944,0.08438285066873744,-0.611075355477488,0.04100779345258532,743,WinPct,,,,,,,,,,,,,,,,,predicted
table-18b,"(6) Trimmed, headcount",HCWeek1Black,-0.013421589103397007,0.05101309133405087,0.7942136813828723,-0.11746347482144184,0.09062029661464782,743,WinPct,,,,,,,,,,,,,,,,,predicted
table-18b,"(6) Trimmed, headcount",QBWeek1Black,0.003974753157225301,0.03673163414421504,0.914525985063617,-0.0709399085880147,0.0788894149024653,743,WinPct,,,,,,,,,,,,,,,,,predicted
table-18b,(7) Unit-balanced snap share,ShareBlackCoachesPre,-0.2555884474188949,0.20343871759652218,0.21837777619276527,-0.6705044474746436,0.15932755263685366,416,WinPct,,,,,,,,,,,,,,,,,predicted
table-18b,(7) Unit-balanced snap share,HCWeek1Black,-0.10326051833191731,0.10622840121094583,0.3385442061671524,-0.3199147709908338,0.11339373432699922,416,WinPct,,,,,,,,,,,,,,,,,predicted
table-18b,(7) Unit-balanced snap share,QBWeek1Black,-0.025898641483627704,0.029937110577647454,0.39362860376523034,-0.08695578105299583,0.035158498085740425,416,WinPct,,,,,,,,,,,,,,,,,predicted
table-18b,(7) Unit-balanced snap share,ShareBlackBalancedSnapW,-0.5505714286329454,0.2303060433330842,0.023080528451924938,-1.0202837007971244,-0.08085915646876635,416,WinPct,0.026402640264026403,-1.0446916731555485,-0.06318532940117362,,,,,,,,,,,,,,predicted
table-18b,(8) Defensive snap share control,ShareBlackSnapW,-0.5475947263139,0.23006616297808166,0.023638231018964277,-1.016817759268525,-0.07837169335927496,416,WinPct,0.027502750275027504,-1.0408198348253517,-0.062445309887675604,,,,,,,,,,,,,,predicted
table-18b,(8) Defensive snap share control,ShareBlackCoachesPre,-0.2517883609014262,0.2006290578522665,0.2188597188308651,-0.6609740221289666,0.1573973003261142,416,WinPct,,,,,,,,,,,,,,,,,predicted
table-18b,(8) Defensive snap share control,HCWeek1Black,-0.10558824740240559,0.10424316590258124,0.31894729804301,-0.3181935859556516,0.10701709115084042,416,WinPct,,,,,,,,,,,,,,,,,predicted
table-18b,(8) Defensive snap share control,QBWeek1Black,-0.026898858661448276,0.03005089314514299,0.3776260570426129,-0.08818805930718905,0.0343903419842925,416,WinPct,,,,,,,,,,,,,,,,,predicted
table-18b,(8) Defensive snap share control,DefenseSnapWeightShare,-1.8159326752675196,0.5554045094826509,0.0026395107914651255,-2.9486876405465874,-0.6831777099884517,416,WinPct,,,,,,,,,,,,,,,,,predicted
table-18b,(9) Offense and defense shares,ShareBlackCoachesPre,-0.25188876052177556,0.20006329988293345,0.21741250941279502,-0.6599205507634553,0.15614302971990418,416,WinPct,,,,,,,,,,,,,,,,,predicted
table-18b,(9) Offense and defense shares,HCWeek1Black,-0.0913943454490223,0.09879701389631769,0.3620741345231574,-0.29289218375437504,0.11010349285633043,416,WinPct,,,,,,,,,,,,,,,,,predicted
table-18b,(9) Offense and defense shares,QBWeek1Black,-0.01759180784529865,0.03175804892723665,0.5835992001499415,-0.08236277566371283,0.04717915997311553,416,WinPct,,,,,,,,,,,,,,,,,predicted
table-18b,(9) Offense and defense shares,ShareBlackOffenseSnapW,-0.48699544429626357,0.1419256729575072,0.0017215832567625648,-0.7764547626819586,-0.19753612591056857,416,WinPct,0.0021002100210021,-0.784270556862248,-0.19092715682215133,,,,,,,,,,,,,,predicted
table-18b,(9) Offense and defense shares,ShareBlackDefenseSnapW,0.01489020062797131,0.1958489700974445,0.9398845849612618,-0.38454640734865486,0.4143268086045975,416,WinPct,0.9471947194719472,-0.44027876407878147,0.45298858924813656,,,,,,,,,,,,,,predicted
table-28,(1),ShareBlackSnapW,-0.6397323486393918,0.2509984051013908,0.015981335450452494,,,416,WinPct,0.019001900190019003,-1.1740790720162146,-0.10742064703934484,,,predicted,predicted,none,snap,0.04445838068034535,0.002478140596960263,0.06674345068753014,0.6555548701810331,FALSE,,,predicted
table-28,(2),ShareBlackSnapW,-0.5902397081241504,0.24221006977641263,0.020750858708878734,,,416,WinPct,0.0259025902590259,-1.1063761124408582,-0.07304904485757167,,,predicted,predicted,none,snap,0.04445838068034535,0.002478140596960263,0.06674345068753014,0.6555548701810331,TRUE,,,predicted
table-28,(3),ShareBlackRoster,-0.3125810870448434,0.20161643296952164,0.13120170960706648,,,767,WinPct,0.1423142314231423,-0.7405377376955287,0.11183525232747435,,,predicted,predicted,none,head,0.04004855505997121,0.0015944507581835924,0.05655384620496768,0.5950325368980214,FALSE,,,predicted
table-28,(4),ShareBlackRoster,-0.41698651324465275,0.2295385673178016,0.0789546025324898,,,767,WinPct,0.0968096809680968,-0.9105593787735162,0.08760944985158207,,,predicted,predicted,none,head,0.04004855505997121,0.0015944507581835924,0.05655384620496768,0.5950325368980214,TRUE,,,predicted
table-28,(5),ShareBlackActiveRoster,-3.6057595879169013,7.994413135205496,0.6551036836236197,,,12446,AtsMargin,0.6576657665766577,-20.10644995181824,12.649626723075965,,,predicted,predicted,none,game,0.016918622302297657,,,0.5947148337389698,FALSE,,,predicted
table-28,(6),ShareBlackActiveRoster,-2.293490431693037,8.425390457544669,0.7872641106466999,,,12446,AtsMargin,0.7862786278627862,-19.655224584719896,14.796103864362866,,,predicted,predicted,none,game,0.016918622302297657,,,0.5947148337389698,TRUE,,,predicted
table-28,(1),ShareBlackSnapW,-0.656265258675944,0.21352613203485338,0.004386212968322682,,,416,WinPct,0.004800480048004801,-1.115941988165904,-0.20696378542560692,,,preddoc,preddoc,none,snap,0.05196469896213792,0.001512462440240332,0.06490602728919673,0.6893725453872429,FALSE,,,predicted
table-28,(2),ShareBlackSnapW,-0.589221796030252,0.19627460642128877,0.005261632119280595,,,416,WinPct,0.005000500050005001,-1.0060165728218442,-0.174869217598422,,,preddoc,preddoc,none,snap,0.05196469896213792,0.001512462440240332,0.06490602728919673,0.6893725453872429,TRUE,,,predicted
table-28,(3),ShareBlackRoster,-0.18994381660444298,0.1840245057695729,0.3099802191380634,,,767,WinPct,0.32833283328332835,-0.5810019273200446,0.1913797304940032,,,preddoc,preddoc,none,head,0.04418152925878361,0.0010489623379014612,0.05478110865568726,0.6306659863366716,FALSE,,,predicted
table-28,(4),ShareBlackRoster,-0.16315893833059392,0.20440819970952917,0.4308261515748082,,,767,WinPct,0.43864386438643865,-0.6022380727994399,0.26736448095796755,,,preddoc,preddoc,none,head,0.04418152925878361,0.0010489623379014612,0.05478110865568726,0.6306659863366716,TRUE,,,predicted
table-28,(5),ShareBlackActiveRoster,-1.7799860702658667,7.032215847409293,0.8018474707320739,,,12446,AtsMargin,0.798079807980798,-16.115966566965604,12.3955929260114,,,preddoc,preddoc,none,game,0.018320697548981187,,,0.6299357231404218,FALSE,,,predicted
table-28,(6),ShareBlackActiveRoster,0.7999097209481095,7.349898702484449,0.9140365687678967,,,12446,AtsMargin,0.9172917291729173,-14.079415840773187,15.452661604233015,,,preddoc,preddoc,none,game,0.018320697548981187,,,0.6299357231404218,TRUE,,,predicted
table-28,(1),ShareBlackSnapW,-0.044908780270701956,0.15109917806218004,0.7682857429751094,,,416,WinPct,0.7702770277027703,-0.37074224167801517,0.26985875168406315,,,provisional,provisional,none,snap,0.07630848651905729,,,0.22450582956683568,FALSE,,,predicted
table-28,(2),ShareBlackSnapW,-0.049010623341083824,0.1626217466253251,0.7651386449078863,,,416,WinPct,0.784978497849785,-0.41838914271532723,0.3066128439824786,,,provisional,provisional,none,snap,0.07630848651905729,,,0.22450582956683568,TRUE,,,predicted
table-28,(3),ShareBlackRoster,0.25074108421850094,0.13112788597881708,0.06513197614965076,,,767,WinPct,0.0746074607460746,-0.030982834961524423,0.5255913251406819,,,provisional,provisional,none,head,0.06660490366230042,,,0.20504849551115323,FALSE,,,predicted
table-28,(4),ShareBlackRoster,0.2870736140627995,0.13495343427960474,0.041464237409106965,,,767,WinPct,0.054505450545054505,-0.006295961979302273,0.584096129624017,,,provisional,provisional,none,head,0.06660490366230042,,,0.20504849551115323,TRUE,,,predicted
table-28,(5),ShareBlackActiveRoster,-10.094382811105351,4.551373647185428,0.0340239511034713,,,12446,AtsMargin,0.032203220322032204,-19.44614626851936,-0.8619231663279359,,,provisional,provisional,none,game,0.02057245052907855,,,0.2084953430857608,FALSE,,,predicted
table-28,(6),ShareBlackActiveRoster,-6.667600563533541,5.459795052118544,0.23121022409367892,,,12446,AtsMargin,0.2296229622962296,-17.990431857910693,4.275324744025996,,,provisional,provisional,none,game,0.02057245052907855,,,0.2084953430857608,TRUE,,,predicted
table-28,(1),ShareBlackSnapW,-0.621230596048679,0.25305452148586133,0.019902739171762752,,,416,WinPct,0.0221022102210221,-1.1627652570823177,-0.08664998469936946,,,predicted-nodraft,predicted,nodraft,snap,0.04460602950294841,,,0.6414607869310293,FALSE,,,predicted
table-28,(2),ShareBlackSnapW,-0.5435052286191651,0.2435249872612325,0.0329921124406324,,,416,WinPct,0.039803980398039805,-1.062960667382813,-0.02409985509446072,,,predicted-nodraft,predicted,nodraft,snap,0.04460602950294841,,,0.6414607869310293,TRUE,,,predicted
table-28,(3),ShareBlackRoster,-0.33604488009531547,0.201071947759641,0.10473560668486433,,,767,WinPct,0.11591159115911591,-0.7631940824893279,0.09101076731643834,,,predicted-nodraft,predicted,nodraft,head,0.03988473247469187,,,0.5855104544789255,FALSE,,,predicted
table-28,(4),ShareBlackRoster,-0.4151679854673636,0.22850083279379194,0.07890886170646844,,,767,WinPct,0.096009600960096,-0.9107980973614107,0.08509863085750176,,,predicted-nodraft,predicted,nodraft,head,0.03988473247469187,,,0.5855104544789255,TRUE,,,predicted
table-28,(5),ShareBlackActiveRoster,-2.761454168160272,7.994527144920059,0.7321130854318301,,,12446,AtsMargin,0.7340734073407341,-19.095134932050485,13.415535229288135,,,predicted-nodraft,predicted,nodraft,game,0.016800494905929275,,,0.5846936644494449,FALSE,,,predicted
table-28,(6),ShareBlackActiveRoster,-2.948532397841501,8.271896030104696,0.7239169616318879,,,12446,AtsMargin,0.7237723772377238,-19.91628330747395,14.087404547551632,,,predicted-nodraft,predicted,nodraft,game,0.016800494905929275,,,0.5846936644494449,TRUE,,,predicted
table-28,(1),ShareBlackSnapW,-1.1439693852769621,0.30321984712767747,6.840943276796502e-4,,,416,WinPct,7.000700070007e-4,-1.7915202163787212,-0.49937609925189425,,,predicted-multi,predicted,multi,snap,0.03415494412395231,,,0.7604666677955177,FALSE,,,predicted
table-28,(2),ShareBlackSnapW,-1.0799629983008108,0.27513375157049624,4.49496239120897e-4,,,416,WinPct,2.0002000200020003e-4,-1.649102672140439,-0.5266841809511346,,,predicted-multi,predicted,multi,snap,0.03415494412395231,,,0.7604666677955177,TRUE,,,predicted
table-28,(3),ShareBlackRoster,-0.3825560695954177,0.23869775295490772,0.11914738729940097,,,767,WinPct,0.12421242124212421,-0.8901238575043202,0.11797178668318667,,,predicted-multi,predicted,multi,head,0.03410065712443218,,,0.6733052782211961,FALSE,,,predicted
table-28,(4),ShareBlackRoster,-0.5665019842257574,0.26662747661511205,0.04168937273987413,,,767,WinPct,0.054205420542054204,-1.1417588345501888,0.01048406154931024,,,predicted-multi,predicted,multi,head,0.03410065712443218,,,0.6733052782211961,TRUE,,,predicted
table-28,(5),ShareBlackActiveRoster,-3.3941376877553218,8.831845177085928,0.7033747819498095,,,12446,AtsMargin,0.7038703870387039,-21.53728958522435,14.67911565999242,,,predicted-multi,predicted,multi,game,0.014886716408184017,,,0.6724110462207827,FALSE,,,predicted
table-28,(6),ShareBlackActiveRoster,-0.06502679811724363,9.877069945351682,0.9947892612974211,,,12446,AtsMargin,0.9938993899389938,,,,,predicted-multi,predicted,multi,game,0.014886716408184017,,,0.6724110462207827,TRUE,,,predicted
table-28,(1),ShareBlackSnapW,-0.6341795733299743,0.25083584907210627,0.016771250322377113,,,416,WinPct,0.0195019501950195,-1.1662512015039987,-0.1034378668431026,,,predicted-raked,predicted,raked,snap,0.044500341077171844,,,0.6524398943669935,FALSE,,,predicted
table-28,(2),ShareBlackSnapW,-0.5847285151828236,0.24198061823811678,0.021753093346812552,,,416,WinPct,0.026702670267026704,-1.1005245532618022,-0.06804617389668143,,,predicted-raked,predicted,raked,snap,0.044500341077171844,,,0.6524398943669935,TRUE,,,predicted
table-28,(3),ShareBlackRoster,-0.3109142477793895,0.20156242722159676,0.13309472152009535,,,767,WinPct,0.14421442144214422,-0.7380576535341645,0.11310345235770185,,,predicted-raked,predicted,raked,head,0.04008872065161042,,,0.5918941727689876,FALSE,,,predicted
table-28,(4),ShareBlackRoster,-0.41446827946570886,0.22916893207732011,0.08022724664381677,,,767,WinPct,0.09790979097909791,-0.907839466808458,0.0884719401109603,,,predicted-raked,predicted,raked,head,0.04008872065161042,,,0.5918941727689876,TRUE,,,predicted
table-28,(5),ShareBlackActiveRoster,-3.5241516860033473,7.990280514564768,0.6622341616927697,,,12446,AtsMargin,0.6634663466346634,-20.02192503006428,12.751257677095339,,,predicted-raked,predicted,raked,game,0.01693693629122433,,,0.5915876962836899,FALSE,,,predicted
table-28,(6),ShareBlackActiveRoster,-2.18433943824568,8.419623581504593,0.7970153123858024,,,12446,AtsMargin,0.7966796679667967,-19.511080907182794,14.890674397253653,,,predicted-raked,predicted,raked,game,0.01693693629122433,,,0.5915876962836899,TRUE,,,predicted
calibration-check,season,DocMeanPBlackRoster,0.6990349422923827,0.060733309859111205,,,,768,ShareBlackDocRoster,,,,,,,,,,,,,,,0.2635068856506601,0.8233718193607935,predicted
calibration-check,franchise_id + season,DocMeanPBlackRoster,0.6921695551650948,0.06490668851692455,,,,768,ShareBlackDocRoster,,,,,,,,,,,,,,,0.2635068856506601,0.8233718193607935,predicted
calibration-check,season,DocMeanPBlackSnapW,0.7306706015809211,0.060550532067580806,,,,416,ShareBlackDocSnapW,,,,,,,,,,,,,,,0.2935803147180862,0.8155332567672635,predicted
calibration-check,franchise_id + season,DocMeanPBlackSnapW,0.7941198809339931,0.06325383700566674,,,,416,ShareBlackDocSnapW,,,,,,,,,,,,,,,0.2935803147180862,0.8155332567672635,predicted
