col,term,estimate,std_error,p_value,ci_low,ci_high,nobs,dep_var,p_wcb,wcb_ci_low,wcb_ci_high,measure29,race_measure
(1),ShareBlackCoachesPre,-0.32733919426846764,0.1640784700018714,0.054895652641042,-0.6619794401014341,0.007301051564498784,608,WinPct,0.07140714071407141,-0.6655277106418465,0.03009407147491784,predicted,predicted
(1),HCBlackPre,-0.0751924247491349,0.07089271599674969,0.29704264425660704,-0.21977907227606763,0.06939422277779783,608,WinPct,0.33363336333633364,-0.24452272179822804,0.08365564322914978,predicted,predicted
(2),ShareBlackCoachesPre,-0.30516648397184726,0.1685504811045126,0.07991553193889954,-0.6489274565810844,0.0385944886373899,608,WinPct,0.09520952095209521,-0.6566026354904964,0.06091902189095867,predicted,predicted
(2),HCBlackPre,-0.0785756853162896,0.07634882979711881,0.31136473058671676,-0.23429015030414418,0.07713877967156497,608,WinPct,0.34723472347234724,-0.2536167008118967,0.0999130861211659,predicted,predicted
(3),ShareBlackCoachesPre,-0.17223695650904924,0.20857945409906703,0.4152492335813185,-0.5976375577861188,0.2531636447680204,581,WinPct,0.4219421942194219,-0.6039458654909732,0.2779786691108882,predicted,predicted
(4),HCBlackPre,-0.10442075852428892,0.06929051905119231,0.14193463699931627,-0.24573970383698213,0.036898186788404286,179,WinPct,0.16041604160416043,-0.24503969026585914,0.05115844097662987,predicted,predicted
(5),UnitCoordBlackPre,0.011179427686113262,0.014976256854503643,0.46100350025137504,-0.019364849545333296,0.04172370491755982,1216,UnitEPAPerPlay,0.48734873487348734,-0.020852748925327944,0.0450559088738682,predicted,predicted
(5),ShareBlackUnitCoachesPre,-0.06822951315286592,0.042499366698383584,0.11854087793782822,-0.15490754299755097,0.018448516691819128,1216,UnitEPAPerPlay,0.12941294129412942,-0.16043268704420438,0.020374499125378934,predicted,predicted
(6),ShareBlackCoachesPre,-0.3569375208225167,0.22618051669979733,0.12469182118910005,-0.8182357259446407,0.10436068429960732,608,WinPct,0.14421442144214422,-0.8339591918818545,0.14782911991917286,predicted,predicted
(6),ShareBlackAltCoachesPre,0.055141915827118713,0.12659190188350702,0.6661537292413229,-0.20304397026918866,0.3133278019234261,608,WinPct,0.6662666266626662,-0.2073554498657064,0.31274541456628713,predicted,predicted
(1),ShareBlackCoachesPre,-0.1498316360847196,0.0999814141682455,0.14409391763583493,-0.3537450746705847,0.05408180250114544,608,WinPct,0.16141614161416143,-0.36667659909266537,0.06903822894767228,preddoc,predicted
(1),HCBlackPre,-0.029134700498302402,0.03246163192551418,0.37636369323059105,-0.09534063530235949,0.037071234305754694,608,WinPct,0.3925392539253925,-0.10391571844916085,0.03987211439487792,preddoc,predicted
(2),ShareBlackCoachesPre,-0.15225137215363735,0.09741120217873805,0.12821043258814796,-0.3509228288268127,0.046420084519537996,608,WinPct,0.14311431143114312,-0.3608787080640101,0.056892144622024944,preddoc,predicted
(2),HCBlackPre,-0.03149728283935878,0.0369706499141649,0.400773736296655,-0.1068994204613123,0.043904854782594746,608,WinPct,0.42594259425942593,-0.11742152578859288,0.04849059092860914,preddoc,predicted
(3),ShareBlackCoachesPre,-0.15905730207922178,0.17063107890238055,0.3584519623604876,-0.5070616818737534,0.18894707771530986,581,WinPct,0.38193819381938193,-0.5188761613392086,0.21137714318089912,preddoc,predicted
(4),HCBlackPre,-0.052732989866096695,0.04192578040252211,0.21786734207175146,-0.13824118274770356,0.03277520301551016,179,WinPct,0.23412341234123413,-0.1437420058481692,0.03848267640617384,preddoc,predicted
(5),UnitCoordBlackPre,0.00929287472961688,0.012527565880951325,0.4637954195140469,-0.016257264335200212,0.03484301379443397,1216,UnitEPAPerPlay,0.4898489848984898,-0.01834981885845717,0.03542969099693888,preddoc,predicted
(5),ShareBlackUnitCoachesPre,-0.0630546166358631,0.02977390265790613,0.04231501901652428,-0.12377889145836041,-0.002330341813365798,1216,UnitEPAPerPlay,0.0484048404840484,-0.12851883349430043,-3.5937790938482295e-4,preddoc,predicted
(6),ShareBlackCoachesPre,0.026122668950572494,0.1442162689842269,0.8574404194581928,-0.26800835083187957,0.3202536887330245,608,WinPct,0.8608860886088608,-0.2822049771320059,0.3191515305884916,preddoc,predicted
(6),ShareBlackAltCoachesPre,-0.34194093407365095,0.23535203199819593,0.1563022100779018,-0.8219445679706893,0.13806269982338737,608,WinPct,0.18691869186918691,-0.8362850892230438,0.1919024646876969,preddoc,predicted
(1),ShareBlackCoachesPre,-0.07362559676518733,0.11087964551521372,0.5115904410671063,-0.2997661247251329,0.15251493119475823,608,WinPct,0.5229522952295229,-0.3145380782456689,0.16596767402105667,provisional,predicted
(1),HCBlackPre,-0.03648772973956659,0.03196835601661782,0.26245634723967537,-0.10168762169464615,0.028712162215512975,608,WinPct,0.2775277527752775,-0.1083685860300661,0.03212111163756622,provisional,predicted
(2),ShareBlackCoachesPre,-0.08779849080887256,0.10755252187677974,0.4205396442568644,-0.3071533053704087,0.13155632375266357,608,WinPct,0.43374337433743376,-0.3155647073064527,0.13969597540825235,provisional,predicted
(2),HCBlackPre,-0.03641606184799428,0.03499125001800105,0.30605505033613345,-0.10778118676592596,0.03494906306993741,608,WinPct,0.32553255325532554,-0.116965042548774,0.03997954236404274,provisional,predicted
(3),ShareBlackCoachesPre,-0.16398617040926447,0.20158702120515118,0.4221496818329359,-0.5751256107761682,0.24715326995763923,581,WinPct,0.44854485448544856,-0.5900152774311831,0.2826439003498144,provisional,predicted
(4),HCBlackPre,-0.04674236351376004,0.043616300156201465,0.2921400537584195,-0.1356983941643947,0.04221366713687461,179,WinPct,0.3171317131713171,-0.14194955794993336,0.05062499890392394,provisional,predicted
(5),UnitCoordBlackPre,0.00892376862859007,0.012139037580918778,0.46778584074881036,-0.015833961744005108,0.03368149900118524,1216,UnitEPAPerPlay,0.49204920492049203,-0.017687416199309792,0.03431543488321927,provisional,predicted
(5),ShareBlackUnitCoachesPre,-0.04067146793215011,0.02746010191432519,0.1486704726242936,-0.09667671502583208,0.015333779161531863,1216,UnitEPAPerPlay,0.16521652165216522,-0.10178021412406164,0.015927048519425,provisional,predicted
(6),ShareBlackCoachesPre,-0.013848563464946654,0.1219895064468749,0.9103482837807387,-0.26264780218260936,0.23495067525271604,608,WinPct,0.915991599159916,-0.27412271077524386,0.2460638566632939,provisional,predicted
(6),ShareBlackAltCoachesPre,-0.2935404083011537,0.18223598154220852,0.11736658072635833,-0.6652131430737356,0.07813232647142826,608,WinPct,0.14641464146414643,-0.6819362957557729,0.11879572748944167,provisional,predicted
