model,term,estimate,std_error,p_value,ci_low,ci_high,nobs,dep_var,table,p_ri,p_wcb,wcb_ci_low,wcb_ci_high,wcb_reps,within_sd_coaches,hand_coverage,race_measure
(1),ShareBlackCoaches,-0.20167504191983535,0.1312333712546297,0.13449567216123118,-0.4693272672095845,0.06597718336991379,608,WinPct,table-19,,0.13661366136613662,-0.4666572488020855,0.059347579576402354,9999,0.06861329695755349,0,provisional
(2),ShareBlackCoaches,-0.1265002364058806,0.12347003240156912,0.31350817917720886,-0.378319027715881,0.1253185549041198,608,WinPct,table-19,,0.31683168316831684,-0.37892222224203,0.11840193107942729,9999,0.06861329695755349,0,provisional
(3),ShareBlackCoaches,-0.1476743825760125,0.12893081158393638,0.26081875423001355,-0.41063050645625254,0.11528174130422753,608,WinPct,table-19,,0.2692269226922692,-0.4214196118598271,0.11597397225642751,9999,0.06861329695755349,0,provisional
(3),HCBlack,-0.04671764075457163,0.03797914549415503,0.2279181428062337,-0.12417661867254637,0.030741337163403104,608,WinPct,table-19,,0.24202420242024203,-0.13143574236754074,0.03252864148301194,9999,0.06861329695755349,0,provisional
(3),OCBlack,0.024978417579452756,0.05204655700135634,0.6346501167934535,-0.08117123526345062,0.13112807042235614,608,WinPct,table-19,,,,,,0.06861329695755349,0,provisional
(3),DCBlack,0.03331252175628525,0.022698247693117405,0.15227957214805815,-0.012980859623463951,0.07960590313603444,608,WinPct,table-19,,,,,,0.06861329695755349,0,provisional
(3),GMBlack,0.033416450955832844,0.03212744374357905,0.3063280782994044,-0.032107902557540785,0.09894080446920647,608,WinPct,table-19,,,,,,0.06861329695755349,0,provisional
(4),ShareBlackCoaches,-0.11233866938103855,0.10958439248298464,0.313233323256387,-0.3358375113652672,0.1111601726031901,607,WinPct,table-19,,0.32933293329332936,-0.3528038967501789,0.12506712336654985,9999,0.06861329695755349,0,provisional
(4),HCBlack,-0.046153559476453894,0.03022459059187841,0.13689572780383186,-0.10779701840041628,0.015489899447508497,607,WinPct,table-19,,0.15041504150415042,-0.11394178468283057,0.017318763659910433,9999,0.06861329695755349,0,provisional
(4),OCBlack,0.02477969579551183,0.043240885857626477,0.570736754828133,-0.06341067234520965,0.11297006393623331,607,WinPct,table-19,,,,,,0.06861329695755349,0,provisional
(4),DCBlack,0.032555435793363625,0.022320843071505208,0.15475512468517366,-0.012968223785875352,0.0780790953726026,607,WinPct,table-19,,,,,,0.06861329695755349,0,provisional
(4),GMBlack,0.012224073474200752,0.03030009194142057,0.6893986145992861,-0.04957337146737396,0.07402151841577546,607,WinPct,table-19,,,,,,0.06861329695755349,0,provisional
(4),L1ShareBlackRoster,0.09602391601782709,0.12378630172589374,0.44379037996127524,-0.1564399108318161,0.3484877428674703,607,WinPct,table-19,,,,,,0.06861329695755349,0,provisional
(4),LagWinPct,-0.09028141889850191,0.0778889773857089,0.25526466598334796,-0.24913703560272096,0.06857419780571714,607,WinPct,table-19,,,,,,0.06861329695755349,0,provisional
(4),LagExpectedWins,0.03199874124891184,0.007862225211656061,3.0065378356416636e-4,0.015963627211142455,0.04803385528668122,607,WinPct,table-19,,,,,,0.06861329695755349,0,provisional
(4),ShareCoachesNewToFranchise,-0.08207408081874523,0.03815210757175968,0.039363290821703104,-0.15988581721971132,-0.004262344417779146,607,WinPct,table-19,,,,,,0.06861329695755349,0,provisional
(4),ShareCoachesPromoted,-0.23059011183850572,0.101294289037595,0.029878091853448415,-0.437181176373845,-0.023999047303166432,607,WinPct,table-19,,,,,,0.06861329695755349,0,provisional
(5),ShareBlackCoaches,-0.22674594335090958,0.20486711314047393,0.27689736021999306,-0.6445751753253204,0.19108328862350127,563,WinPct,table-19,,0.312031203120312,-0.6601942603544131,0.22750708606500142,9999,0.06861329695755349,0,provisional
(5),OCBlack,0.07249619029065434,0.04921825283278205,0.15084541120251968,-0.027885098169942765,0.17287747875125142,563,WinPct,table-19,,,,,,0.06861329695755349,0,provisional
(5),DCBlack,0.012825623450759206,0.03956905282787226,0.7480145084650293,-0.06787599185285609,0.09352723875437449,563,WinPct,table-19,,,,,,0.06861329695755349,0,provisional
(5),GMBlack,-0.06295211473331457,0.05992127542518042,0.30157265429558494,-0.18516236168819267,0.05925813222156355,563,WinPct,table-19,,0.5950595059505951,-0.18186420261838807,0.1508262306837145,9999,0.06861329695755349,0,provisional
(5),L1ShareBlackRoster,0.10380126129312937,0.17622831710283343,0.5601187914734304,-0.2556187610739095,0.4632212836601683,563,WinPct,table-19,,,,,,0.06861329695755349,0,provisional
(5),LagWinPct,-0.2072371418475707,0.06545116951113514,0.0034540490773841063,-0.34072568214790144,-0.07374860154723994,563,WinPct,table-19,,,,,,0.06861329695755349,0,provisional
(5),LagExpectedWins,0.01574003553900567,0.009238264215097491,0.09842695051824914,-0.003101528549048424,0.03458159962705976,563,WinPct,table-19,,,,,,0.06861329695755349,0,provisional
(5),ShareCoachesNewToFranchise,-0.0762243039894508,0.03722445024602555,0.04914289339047417,-0.152144070800934,-3.045371779676065e-4,563,WinPct,table-19,,,,,,0.06861329695755349,0,provisional
(5),ShareCoachesPromoted,-0.1244955930261903,0.10284342028353853,0.23522264226385822,-0.33424613156786426,0.08525494551548364,563,WinPct,table-19,,,,,,0.06861329695755349,0,provisional
(6),ShareBlackCoaches,-0.25073596937825726,0.19902504914524277,0.2171361529544722,-0.6566502332796859,0.15517829452317133,563,WinPct,table-19,,0.25312531253125314,-0.6773246221729159,0.19089746878014136,9999,0.06861329695755349,0,provisional
(6),OCBlack,0.06865059712727643,0.04787761399692629,0.1616179902479235,-0.028996440400831616,0.1662976346553845,563,WinPct,table-19,,,,,,0.06861329695755349,0,provisional
(6),DCBlack,0.011260981955602734,0.03799950805961043,0.7689426046304201,-0.06623952568842141,0.08876148959962689,563,WinPct,table-19,,,,,,0.06861329695755349,0,provisional
(6),GMBlack,-0.062291890328473216,0.05765180359856387,0.28826100132153787,-0.17987351897674905,0.05528973831980263,563,WinPct,table-19,,0.5723572357235723,-0.17546947522239892,0.1503377272087879,9999,0.06861329695755349,0,provisional
(6),L1ShareBlackRoster,0.10962696285628795,0.1699562000445944,0.5236527260240937,-0.23700099243310016,0.4562549181456761,563,WinPct,table-19,,,,,,0.06861329695755349,0,provisional
(6),LagExpectedWins,1.742020473597337e-4,0.0072219773800495995,0.9809106142660868,-0.014555117928822128,0.014903522023541596,563,WinPct,table-19,,,,,,0.06861329695755349,0,provisional
(6),ShareCoachesNewToFranchise,-0.03496149827231708,0.03668752323308373,0.34798559353137415,-0.10978619522117197,0.039863198676537814,563,WinPct,table-19,,,,,,0.06861329695755349,0,provisional
(6),ShareCoachesPromoted,-0.1365442934567411,0.10197041587290236,0.19028845093410945,-0.3445143277641592,0.07142574085067699,563,WinPct,table-19,,,,,,0.06861329695755349,0,provisional
(7),ShareBlackCoaches,-1.2005218368522932,1.191943880550278,0.32163775033119507,-3.6315074085844996,1.230463734879913,607,WinsOverExpected,table-19,,0.33043304330433043,-3.7999471209464253,1.3003708153031395,9999,0.06861329695755349,0,provisional
(7),HCBlack,-0.2910560539563653,0.3258431331022715,0.3786109917730529,-0.9556175053343825,0.37350539742165195,607,WinsOverExpected,table-19,,0.39993999399939995,-1.0273737586262917,0.39958425527554464,9999,0.06861329695755349,0,provisional
(7),OCBlack,0.038822218686319666,0.4495193987326052,0.9317326196423781,-0.8779786394448572,0.9556230768174965,607,WinsOverExpected,table-19,,,,,,0.06861329695755349,0,provisional
(7),DCBlack,0.39826881579277934,0.2515544467075652,0.12351893006830768,-0.11477986076810859,0.9113174923536673,607,WinsOverExpected,table-19,,,,,,0.06861329695755349,0,provisional
(7),GMBlack,0.2966851260686253,0.3708994517762036,0.4298519310565909,-0.45976929308999814,1.0531395452272487,607,WinsOverExpected,table-19,,,,,,0.06861329695755349,0,provisional
(7),L1ShareBlackRoster,-0.14952756923296953,1.1668189783298484,0.8988582118101738,-2.5292705650472147,2.2302154265812755,607,WinsOverExpected,table-19,,,,,,0.06861329695755349,0,provisional
(7),LagWinPct,-2.3580297029238366,0.8683348818090489,0.010717687838220101,-4.1290103703484275,-0.5870490354992455,607,WinsOverExpected,table-19,,,,,,0.06861329695755349,0,provisional
(7),LagExpectedWins,0.13415084182145734,0.08224486590963528,0.11298557056456039,-0.03358866809831337,0.301890351741228,607,WinsOverExpected,table-19,,,,,,0.06861329695755349,0,provisional
(7),ShareCoachesNewToFranchise,-0.5565323227039795,0.39680879202148556,0.1706956434161596,-1.365829189680115,0.2527645442721561,607,WinsOverExpected,table-19,,,,,,0.06861329695755349,0,provisional
(7),ShareCoachesPromoted,-2.7623991175106646,0.9722800065608777,0.007875437489502304,-4.745377264553962,-0.7794209704673667,607,WinsOverExpected,table-19,,,,,,0.06861329695755349,0,provisional
(8),ShareBlackCoaches,-0.1337408248547172,0.10634714681301224,0.217932557528428,-0.3506372607657486,0.0831556110563142,607,WinPct,table-19,,0.2377237723772377,-0.36352407325793445,0.09407941134596051,9999,0.06861329695755349,0,provisional
(8),HCBlack,-0.03983441340867831,0.03361069896985568,0.24495616512803697,-0.10838388590048088,0.02871505908312426,607,WinPct,table-19,,0.26752675267526754,-0.11736299997080629,0.03258003363280234,9999,0.06861329695755349,0,provisional
(8),OCBlack,0.02584256338836166,0.045170813964665754,0.5713749560129877,-0.06628391907724479,0.11796904585396811,607,WinPct,table-19,,,,,,0.06861329695755349,0,provisional
(8),DCBlack,0.037591730483199276,0.021896998570476434,0.09600202067472026,-0.007067492537010341,0.08225095350340889,607,WinPct,table-19,,,,,,0.06861329695755349,0,provisional
(8),GMBlack,0.014561447883105014,0.027247414109036465,0.5968662117897261,-0.04101001957180607,0.07013291533801609,607,WinPct,table-19,,,,,,0.06861329695755349,0,provisional
(8),MeanPriorBlackPredCoaches,-0.6651365923940946,0.4411923700292048,0.14178419251744795,-1.5649543635161574,0.23468117872796823,607,WinPct,table-19,,,,,,0.06861329695755349,0,provisional
(8),HCPriorBlackPred,0.0047916986856745055,0.120906561231264,0.9686411170282775,-0.2417988587030391,0.25138225607438813,607,WinPct,table-19,,,,,,0.06861329695755349,0,provisional
(8),L1ShareBlackRoster,0.1329885331746903,0.13165490006940203,0.32025296362055133,-0.13552340580083053,0.4015004721502111,607,WinPct,table-19,,,,,,0.06861329695755349,0,provisional
(8),LagWinPct,-0.07344909839405878,0.08014656255601196,0.36651356832015347,-0.23690909040949606,0.09001089362137851,607,WinPct,table-19,,,,,,0.06861329695755349,0,provisional
(8),LagExpectedWins,0.029637813235065178,0.007809690956698039,6.435775008054543e-4,0.013709843516679098,0.04556578295345126,607,WinPct,table-19,,,,,,0.06861329695755349,0,provisional
(8),ShareCoachesNewToFranchise,-0.07559536127444744,0.037593831140235574,0.05310807212750411,-0.15226848538651389,0.0010777628376190257,607,WinPct,table-19,,,,,,0.06861329695755349,0,provisional
(8),ShareCoachesPromoted,-0.2422902720840922,0.09940890604887943,0.020730843595737177,-0.445036072662339,-0.03954447150584536,607,WinPct,table-19,,,,,,0.06861329695755349,0,provisional
(9),ShareBlackCoaches,-0.05202971141118756,0.12635380676892297,0.6833355681338085,-0.30972999931977946,0.20567057649740433,607,WinPct,table-19,,0.6985698569856986,-0.33418092407838634,0.2182238130029129,9999,0.06861329695755349,0,provisional
(9),HCBlack,-0.019140710780592988,0.03228275626894562,0.5575435851287127,-0.08498182627784552,0.04670040471665955,607,WinPct,table-19,,0.5781578157815782,-0.08958929259361427,0.053119532630880734,9999,0.06861329695755349,0,provisional
(9),OCBlack,0.028527702347144034,0.045551519225704,0.5357203417687608,-0.06437523361746378,0.12143063831175185,607,WinPct,table-19,,,,,,0.06861329695755349,0,provisional
(9),DCBlack,0.036995953344327065,0.0227938136826237,0.11470162910236066,-0.009492336156038401,0.08348424284469252,607,WinPct,table-19,,,,,,0.06861329695755349,0,provisional
(9),GMBlack,0.013817551463396015,0.026569307210498914,0.6067182125200499,-0.04037090785385356,0.0680060107806456,607,WinPct,table-19,,,,,,0.06861329695755349,0,provisional
(9),ShareBlackAltCoaches,-0.29761541154823845,0.1804821202706831,0.10924617490164039,-0.6657111226744303,0.07048029957795349,607,WinPct,table-19,,0.1403140314031403,-0.6845491904046337,0.10916188390337131,9999,0.06861329695755349,0,provisional
(9),HCBlackAlt,-0.03977344741702536,0.08129949757795532,0.6281287788387064,-0.20558486591253744,0.12603797107848674,607,WinPct,table-19,,,,,,0.06861329695755349,0,provisional
(9),MeanPriorBlackPredCoaches,-0.4686240349803649,0.4408493643397904,0.2959916915829283,-1.3677422413866767,0.43049417142594676,607,WinPct,table-19,,,,,,0.06861329695755349,0,provisional
(9),HCPriorBlackPred,0.0020747968955796858,0.12865064896038333,0.9872361271708565,-0.2603099315467462,0.2644595253379056,607,WinPct,table-19,,,,,,0.06861329695755349,0,provisional
(9),L1ShareBlackRoster,0.11653577512665166,0.13403163037236152,0.39127545630526817,-0.15682353726021292,0.3898950875135162,607,WinPct,table-19,,,,,,0.06861329695755349,0,provisional
(9),LagWinPct,-0.07844308104137417,0.0787113483116479,0.32667863931307484,-0.23897593430697128,0.08208977222422296,607,WinPct,table-19,,,,,,0.06861329695755349,0,provisional
(9),LagExpectedWins,0.029530783338954904,0.007761171310772474,6.262634826198789e-4,0.013701770090848407,0.0453597965870614,607,WinPct,table-19,,,,,,0.06861329695755349,0,provisional
(9),ShareCoachesNewToFranchise,-0.0710019209513766,0.036723180801987804,0.06235951541496717,-0.14589934199147714,0.003895500088723955,607,WinPct,table-19,,,,,,0.06861329695755349,0,provisional
(9),ShareCoachesPromoted,-0.24825554408979864,0.10155846798266223,0.02039105870159736,-0.45538540513585735,-0.041125683043739925,607,WinPct,table-19,,,,,,0.06861329695755349,0,provisional
(1),ShareBlackCoaches,-2.5815414029450463,3.5535674290918733,0.4730040213692983,-9.829089957254237,4.666007151364145,607,PointDiffPerGame,table-19b,,0.49234923492349236,-10.280952198828064,5.058858238114934,9999,0.06861329695755349,0,provisional
(1),HCBlack,-1.3816024549429518,0.8484965807683842,0.11358474471867748,-3.1121226406414473,0.3489177307555438,607,PointDiffPerGame,table-19b,,0.1269126912691269,-3.2434822892804047,0.39045886113639505,9999,0.06861329695755349,0,provisional
(1),OCBlack,0.48397260254172947,1.3300195021307992,0.7184148716817891,-2.228620056023492,3.196565261106951,607,PointDiffPerGame,table-19b,,,,,,0.06861329695755349,0,provisional
(1),DCBlack,0.3450299120617123,0.7968903099824592,0.6680339071689761,-1.2802385904505154,1.9702984145739397,607,PointDiffPerGame,table-19b,,,,,,0.06861329695755349,0,provisional
(1),GMBlack,-0.8942633944095927,0.9351166180387996,0.3463133729470048,-2.8014463108484584,1.0129195220292733,607,PointDiffPerGame,table-19b,,,,,,0.06861329695755349,0,provisional
(1),L1ShareBlackRoster,5.458202368899785,4.09519575262262,0.19230113405662264,-2.8940044341995073,13.810409171999078,607,PointDiffPerGame,table-19b,,,,,,0.06861329695755349,0,provisional
(1),LagWinPct,-0.813078317182121,2.2315431353356145,0.7180651093014939,-5.364340547912706,3.7381839135484642,607,PointDiffPerGame,table-19b,,,,,,0.06861329695755349,0,provisional
(1),LagExpectedWins,0.7897366411194716,0.24146235830701412,0.0026321021820817276,0.29727091455372884,1.2822023676852143,607,PointDiffPerGame,table-19b,,,,,,0.06861329695755349,0,provisional
(1),ShareCoachesNewToFranchise,-2.937996906977249,1.0808251544791159,0.010647237259568102,-5.14235434274088,-0.7336394712136172,607,PointDiffPerGame,table-19b,,,,,,0.06861329695755349,0,provisional
(1),ShareCoachesPromoted,-7.2096641942726425,3.397319027153387,0.04191754288175771,-14.138542031850339,-0.28078635669494556,607,PointDiffPerGame,table-19b,,,,,,0.06861329695755349,0,provisional
(2),ShareBlackCoaches,-8.744430855152938,6.718148831478075,0.20263883738058375,-22.44618573184479,4.957324021538913,563,PointDiffPerGame,table-19b,,0.23392339233923393,-22.424049883982487,6.062537734536086,9999,0.06861329695755349,0,provisional
(2),OCBlack,1.0813230848979454,1.5704146195443578,0.4962219305668295,-2.121558648080272,4.284204817876162,563,PointDiffPerGame,table-19b,,,,,,0.06861329695755349,0,provisional
(2),DCBlack,-0.7903453314669023,1.3689573321543291,0.5678836999822816,-3.5823522179386105,2.001661555004806,563,PointDiffPerGame,table-19b,,,,,,0.06861329695755349,0,provisional
(2),GMBlack,-2.920705396792704,2.2187550423570364,0.19769987509878695,-7.445886139939711,1.6044753463543038,563,PointDiffPerGame,table-19b,,,,,,0.06861329695755349,0,provisional
(2),L1ShareBlackRoster,7.381758727384523,6.148464639668027,0.23900597722668124,-5.158117579911264,19.92163503468031,563,PointDiffPerGame,table-19b,,,,,,0.06861329695755349,0,provisional
(2),LagWinPct,-2.997246090517828,2.3053547479045546,0.2031425285959423,-7.699048097582969,1.7045559165473132,563,PointDiffPerGame,table-19b,,,,,,0.06861329695755349,0,provisional
(2),LagExpectedWins,0.025006584998983505,0.3230028304112454,0.9387876957396475,-0.6337620308488501,0.6837752008468172,563,PointDiffPerGame,table-19b,,,,,,0.06861329695755349,0,provisional
(2),ShareCoachesNewToFranchise,-2.688919682561259,1.063547702299194,0.016771660604915375,-4.85803952228447,-0.5197998428380486,563,PointDiffPerGame,table-19b,,,,,,0.06861329695755349,0,provisional
(2),ShareCoachesPromoted,-2.7519048541531395,3.4011577372218342,0.4246196211373232,-9.688611792532251,4.184802084225973,563,PointDiffPerGame,table-19b,,,,,,0.06861329695755349,0,provisional
(3),ShareBlackCoaches,-0.006541187024209594,0.05612208252846079,0.9079662408623392,-0.12100292898077432,0.10792055493235513,607,OffEPAPerPlay,table-19b,,0.9143914391439144,-0.12988391701972773,0.1113631721998517,9999,0.06861329695755349,0,provisional
(3),HCBlack,-0.023504026293271155,0.011092000394668648,0.04220349953617024,-0.04612631024563213,-8.817423409101799e-4,607,OffEPAPerPlay,table-19b,,0.05160516051605161,-0.04705673263848924,1.401901450829951e-4,9999,0.06861329695755349,0,provisional
(3),OCBlack,0.0021763430718033483,0.02471090642350017,0.9303858112039151,-0.04822188285156863,0.05257456899517532,607,OffEPAPerPlay,table-19b,,,,,,0.06861329695755349,0,provisional
(3),DCBlack,1.703078711995661e-4,0.012587370678471063,0.989291606684592,-0.02550180388231805,0.02584241962471718,607,OffEPAPerPlay,table-19b,,,,,,0.06861329695755349,0,provisional
(3),GMBlack,-0.03135352621918413,0.01724380447308609,0.07870095192623099,-0.06652249730907374,0.003815444870705481,607,OffEPAPerPlay,table-19b,,,,,,0.06861329695755349,0,provisional
(3),L1ShareBlackRoster,0.09478149555574013,0.045844161682230884,0.04712414725439818,0.0012817113660592572,0.188281279745421,607,OffEPAPerPlay,table-19b,,,,,,0.06861329695755349,0,provisional
(3),LagWinPct,-0.014805453028876528,0.0324419665682767,0.651307293522994,-0.08097128007241959,0.05136037401466654,607,OffEPAPerPlay,table-19b,,,,,,0.06861329695755349,0,provisional
(3),LagExpectedWins,0.012903893514961887,0.0038845917302186986,0.0023010325008721503,0.0049812164474205625,0.02082657058250321,607,OffEPAPerPlay,table-19b,,,,,,0.06861329695755349,0,provisional
(3),ShareCoachesNewToFranchise,-0.02222841296532923,0.018006398228634084,0.22630289773617926,-0.05895270427379691,0.014495878343138452,607,OffEPAPerPlay,table-19b,,,,,,0.06861329695755349,0,provisional
(3),ShareCoachesPromoted,-0.08082809215657448,0.05820207708901678,0.17480683923473503,-0.19953201098782453,0.03787582667467555,607,OffEPAPerPlay,table-19b,,,,,,0.06861329695755349,0,provisional
(4),ShareBlackCoaches,-0.11041278878388815,0.10020891664109387,0.2790187194939869,-0.3147902217222159,0.0939646441544396,563,OffEPAPerPlay,table-19b,,0.3037303730373037,-0.3215973686359928,0.10736176325118216,9999,0.06861329695755349,0,provisional
(4),OCBlack,0.030072663328624523,0.03127651566373447,0.343736474484755,-0.033716210923989805,0.09386153758123886,563,OffEPAPerPlay,table-19b,,,,,,0.06861329695755349,0,provisional
(4),DCBlack,-0.01563130988220548,0.02024676215051,0.4459367883922223,-0.05692485353416048,0.02566223376974952,563,OffEPAPerPlay,table-19b,,,,,,0.06861329695755349,0,provisional
(4),GMBlack,-0.05931634828069059,0.045212266095351096,0.19916886073662107,-0.1515273729242116,0.0328946763628304,563,OffEPAPerPlay,table-19b,,,,,,0.06861329695755349,0,provisional
(4),L1ShareBlackRoster,0.09156318164677481,0.06251648181218086,0.15309202117676635,-0.035940023630564547,0.21906638692411418,563,OffEPAPerPlay,table-19b,,,,,,0.06861329695755349,0,provisional
(4),LagWinPct,-0.015223303476993496,0.03540575705273413,0.6701939434453343,-0.08743382106588922,0.05698721411190223,563,OffEPAPerPlay,table-19b,,,,,,0.06861329695755349,0,provisional
(4),LagExpectedWins,0.0013518003480429027,0.0042162366401062995,0.7506514364808587,-0.007247270972643109,0.009950871668728914,563,OffEPAPerPlay,table-19b,,,,,,0.06861329695755349,0,provisional
(4),ShareCoachesNewToFranchise,-0.013919759339671836,0.01736195803806297,0.4288070978750086,-0.04932970621407146,0.02149018753472779,563,OffEPAPerPlay,table-19b,,,,,,0.06861329695755349,0,provisional
(4),ShareCoachesPromoted,-0.0449417070690228,0.06972661086006664,0.5239654571957564,-0.18715006748977853,0.09726665335173294,563,OffEPAPerPlay,table-19b,,,,,,0.06861329695755349,0,provisional
(5),ShareBlackCoaches,-0.053394555881658416,0.05435446760884162,0.33353752137642323,-0.16425122344160892,0.05746211167829209,607,NegDefEPAPerPlay,table-19b,,0.3556355635563556,-0.16771807326972404,0.06121209840306689,9999,0.06861329695755349,0,provisional
(5),HCBlack,1.9717722666619706e-4,0.012850674250598201,0.9878562856797088,-0.026011945702688923,0.026406300156021315,607,NegDefEPAPerPlay,table-19b,,0.987998799879988,,,9999,0.06861329695755349,0,provisional
(5),OCBlack,0.0038238532606522237,0.016035871791017894,0.8130965534707965,-0.028881522881817626,0.036529229403122074,607,NegDefEPAPerPlay,table-19b,,,,,,0.06861329695755349,0,provisional
(5),DCBlack,0.004316872211065907,0.008840679366868592,0.6287761963436933,-0.01371381223294187,0.022347556655073684,607,NegDefEPAPerPlay,table-19b,,,,,,0.06861329695755349,0,provisional
(5),GMBlack,0.014553077531049787,0.005659317118099281,0.015143493993668954,0.0030108241712649333,0.026095330890834642,607,NegDefEPAPerPlay,table-19b,,,,,,0.06861329695755349,0,provisional
(5),L1ShareBlackRoster,0.02581057379327176,0.052438411634885246,0.6260405833487367,-0.08113827184374656,0.13275941943029007,607,NegDefEPAPerPlay,table-19b,,,,,,0.06861329695755349,0,provisional
(5),LagWinPct,-0.014465860894825938,0.028166732226596124,0.61118723374042,-0.07191229001201577,0.042980568222363895,607,NegDefEPAPerPlay,table-19b,,,,,,0.06861329695755349,0,provisional
(5),LagExpectedWins,0.005352970307511492,0.002497906001642854,0.04007372492244587,2.5845742932660305e-4,0.010447483185696382,607,NegDefEPAPerPlay,table-19b,,,,,,0.06861329695755349,0,provisional
(5),ShareCoachesNewToFranchise,-0.03069760599999619,0.011044665633954827,0.009170887321848618,-0.05322335007139937,-0.00817186192859301,607,NegDefEPAPerPlay,table-19b,,,,,,0.06861329695755349,0,provisional
(5),ShareCoachesPromoted,-0.0653872834657525,0.04575086389196159,0.1629462082484358,-0.15869678555766006,0.02792221862615507,607,NegDefEPAPerPlay,table-19b,,,,,,0.06861329695755349,0,provisional
(6),ShareBlackCoaches,-0.0533678337244872,0.08112007111324183,0.5154668302932464,-0.21881330953257677,0.11207764208360238,563,NegDefEPAPerPlay,table-19b,,0.5197519751975197,-0.22151965123829126,0.11831255926317712,9999,0.06861329695755349,0,provisional
(6),OCBlack,-0.005231935751634366,0.0187961676631061,0.7825910642885076,-0.043566972441260614,0.03310310093799188,563,NegDefEPAPerPlay,table-19b,,,,,,0.06861329695755349,0,provisional
(6),DCBlack,-0.0018682245164794776,0.013761720090965837,0.8928925623479375,-0.029935437687547906,0.02619898865458895,563,NegDefEPAPerPlay,table-19b,,,,,,0.06861329695755349,0,provisional
(6),GMBlack,-1.6443145106528618e-4,0.017805659094761037,0.9926909866264396,-0.03647931259678092,0.036150449694650345,563,NegDefEPAPerPlay,table-19b,,,,,,0.06861329695755349,0,provisional
(6),L1ShareBlackRoster,0.07368672775730666,0.08028494522823376,0.3658017651821459,-0.09005549757887525,0.23742895309348855,563,NegDefEPAPerPlay,table-19b,,,,,,0.06861329695755349,0,provisional
(6),LagWinPct,-0.03149795499548714,0.03299800165421834,0.3471943522064397,-0.09879782307347637,0.035801913082502086,563,NegDefEPAPerPlay,table-19b,,,,,,0.06861329695755349,0,provisional
(6),LagExpectedWins,6.89524740230275e-4,0.0040883506294701446,0.8671628873471839,-0.007648721342157305,0.009027770822617855,563,NegDefEPAPerPlay,table-19b,,,,,,0.06861329695755349,0,provisional
(6),ShareCoachesNewToFranchise,-0.033522711633886454,0.012501647293636599,0.011640947078046691,-0.05901998939136356,-0.008025433876409346,563,NegDefEPAPerPlay,table-19b,,,,,,0.06861329695755349,0,provisional
(6),ShareCoachesPromoted,-0.0082311481295763,0.049731924983822624,0.8696169749253175,-0.10966007784926002,0.09319778159010741,563,NegDefEPAPerPlay,table-19b,,,,,,0.06861329695755349,0,provisional
(1),ShareBlackCoaches,-0.11233866938103855,0.10958439248298464,0.313233323256387,-0.3358375113652672,0.1111601726031901,607,WinPct,table-19c,,0.32933293329332936,-0.3528038967501789,0.12506712336654985,9999,0.06861329695755349,0,provisional
(1),HCBlack,-0.046153559476453894,0.03022459059187841,0.13689572780383186,-0.10779701840041628,0.015489899447508497,607,WinPct,table-19c,,0.15041504150415042,-0.11394178468283057,0.017318763659910433,9999,0.06861329695755349,0,provisional
(1),OCBlack,0.02477969579551183,0.043240885857626477,0.570736754828133,-0.06341067234520965,0.11297006393623331,607,WinPct,table-19c,,,,,,0.06861329695755349,0,provisional
(1),DCBlack,0.032555435793363625,0.022320843071505208,0.15475512468517366,-0.012968223785875352,0.0780790953726026,607,WinPct,table-19c,,,,,,0.06861329695755349,0,provisional
(1),GMBlack,0.012224073474200752,0.03030009194142057,0.6893986145992861,-0.04957337146737396,0.07402151841577546,607,WinPct,table-19c,,,,,,0.06861329695755349,0,provisional
(1),LagMeanLogPickRoster,-0.19323183411749006,0.0545352908532786,0.0012759197117074676,-0.3044572931158908,-0.08200637511908931,607,WinPct,table-19c,,,,,,0.06861329695755349,0,provisional
(1),L1ShareBlackRoster,0.09602391601782709,0.12378630172589374,0.44379037996127524,-0.1564399108318161,0.3484877428674703,607,WinPct,table-19c,,,,,,0.06861329695755349,0,provisional
(1),ShareCoachesNewToFranchise,-0.08207408081874523,0.03815210757175968,0.039363290821703104,-0.15988581721971132,-0.004262344417779146,607,WinPct,table-19c,,,,,,0.06861329695755349,0,provisional
(1),ShareCoachesPromoted,-0.23059011183850572,0.101294289037595,0.029878091853448415,-0.437181176373845,-0.023999047303166432,607,WinPct,table-19c,,,,,,0.06861329695755349,0,provisional
(2),ShareBlackCoaches,-0.12705705132147868,0.11046265929816507,0.2588467386133098,-0.3523471302847916,0.0982330276418342,608,WinPct,table-19c,,0.27382738273827384,-0.36728380928227866,0.11179732688688732,9999,0.06861329695755349,0,provisional
(2),HCBlack,-0.046133176773568076,0.030468672015642448,0.1401260077700741,-0.1082744430433128,0.01600808949617665,608,WinPct,table-19c,,0.15291529152915292,-0.11405723538002288,0.01794091659300239,9999,0.06861329695755349,0,provisional
(2),OCBlack,0.020682476274791438,0.04563419958152647,0.6535446322481777,-0.07238908738726915,0.11375403993685201,608,WinPct,table-19c,,,,,,0.06861329695755349,0,provisional
(2),DCBlack,0.031037388988498685,0.02220439106266359,0.17209494667888492,-0.01424876515284794,0.07632354312984531,608,WinPct,table-19c,,,,,,0.06861329695755349,0,provisional
(2),GMBlack,0.01060341696279999,0.02985116313220641,0.7248381444948158,-0.0502784316359077,0.07148526556150768,608,WinPct,table-19c,,,,,,0.06861329695755349,0,provisional
(2),LagMeanLogPickRoster,-0.1802656905377278,0.052373070141790434,0.0016735834523535652,-0.28708127132097166,-0.07345010975448397,608,WinPct,table-19c,,,,,,0.06861329695755349,0,provisional
(2),L1ShareBlackRoster,0.10224428296707097,0.1254895667956571,0.42142333288578704,-0.1536933758951319,0.3581819418292739,608,WinPct,table-19c,,,,,,0.06861329695755349,0,provisional
(3),ShareBlackCoaches,-0.10890154348028527,0.10608099674852654,0.3125584017395855,-0.32525516275603883,0.10745207579546825,607,WinPct,table-19c,,0.3258325832583258,-0.3387870577904435,0.11852562083586933,9999,0.06861329695755349,0,provisional
(3),HCBlack,-0.04910354558965612,0.030373082423803988,0.11607996131215803,-0.11104985560151076,0.012842764422198519,607,WinPct,table-19c,,0.1187118711871187,-0.11681475616282888,0.012572792825636135,9999,0.06861329695755349,0,provisional
(3),OCBlack,0.002499720502232951,0.045548100380880245,0.9565855316010616,-0.09039624268238568,0.09539568368685157,607,WinPct,table-19c,,,,,,0.06861329695755349,0,provisional
(3),DCBlack,0.03776012168036945,0.022568528593487357,0.10436493887651888,-0.008268695851429836,0.08378893921216873,607,WinPct,table-19c,,,,,,0.06861329695755349,0,provisional
(3),GMBlack,0.0226763767292257,0.02559503578822655,0.38245626754259177,-0.02952504292185964,0.07487779638031103,607,WinPct,table-19c,,,,,,0.06861329695755349,0,provisional
(3),MeanLogPickWeek1,-0.19239046534530518,0.05132445218635631,7.309983313584314e-4,-0.29706737570830843,-0.08771355498230196,607,WinPct,table-19c,,,,,,0.06861329695755349,0,provisional
(3),ShareBlackWeek1,0.10265078587718042,0.11416100860393061,0.3754908851329457,-0.1301821262247121,0.33548369797907296,607,WinPct,table-19c,,,,,,0.06861329695755349,0,provisional
(3),ShareCoachesNewToFranchise,-0.07276459770760192,0.03434749620637042,0.04225111669901755,-0.142816778070544,-0.002712417344659837,607,WinPct,table-19c,,,,,,0.06861329695755349,0,provisional
(3),ShareCoachesPromoted,-0.2500853351197502,0.10160896997480179,0.019612927070571776,-0.45731819565784737,-0.042852474581653005,607,WinPct,table-19c,,,,,,0.06861329695755349,0,provisional
(4),ShareBlackCoaches,-0.12091754976249365,0.10737704959691963,0.2687646903363686,-0.33991448624978526,0.09807938672479795,608,WinPct,table-19c,,0.28412841284128415,-0.35432644295366234,0.10796195462462958,9999,0.06861329695755349,0,provisional
(4),HCBlack,-0.048934673012318616,0.030539527364639753,0.11922290308871851,-0.11122044971909245,0.013351103694455226,608,WinPct,table-19c,,0.12371237123712371,-0.11684515550555587,0.013511272844074424,9999,0.06861329695755349,0,provisional
(4),OCBlack,-0.0025566786183646877,0.04724242220823663,0.9571881992831951,-0.09890823395239959,0.09379487671567022,608,WinPct,table-19c,,,,,,0.06861329695755349,0,provisional
(4),DCBlack,0.03712892859847077,0.022758458148906834,0.11291792797673764,-0.009287252815474628,0.08354511001241617,608,WinPct,table-19c,,,,,,0.06861329695755349,0,provisional
(4),GMBlack,0.02131997469954365,0.025372066091954287,0.40717852222205964,-0.030426695257855484,0.07306664465694279,608,WinPct,table-19c,,,,,,0.06861329695755349,0,provisional
(4),MeanLogPickWeek1,-0.19044534717297096,0.05215895647938883,9.52873098188753e-4,-0.2968242402626895,-0.08406645408325239,608,WinPct,table-19c,,,,,,0.06861329695755349,0,provisional
(4),ShareBlackWeek1,0.10094067287000169,0.11441628393522281,0.3844461948988035,-0.13241287670259458,0.334294222442598,608,WinPct,table-19c,,,,,,0.06861329695755349,0,provisional
(5),ShareBlackCoaches,-0.1275100974676552,0.10023294359145427,0.21278449533290808,-0.33193653369431886,0.07691633875900847,607,WinPct,table-19c,,0.22822282228222823,-0.3406318050281777,0.08474983428074677,9999,0.06861329695755349,0,provisional
(5),HCBlack,-0.041499933222038855,0.030015297360650436,0.17665959620326507,-0.10271653578667204,0.019716669342594334,607,WinPct,table-19c,,0.18991899189918993,-0.1084254930472495,0.019890839806429125,9999,0.06861329695755349,0,provisional
(5),OCBlack,2.8868899224578944e-4,0.042096752695353234,0.9945722928442539,-0.08556820417955137,0.08614558216404296,607,WinPct,table-19c,,,,,,0.06861329695755349,0,provisional
(5),DCBlack,0.04306824153987377,0.02385373441558294,0.08071464455592359,-0.005581770547476404,0.09171825362722394,607,WinPct,table-19c,,,,,,0.06861329695755349,0,provisional
(5),GMBlack,0.025246462000601377,0.02491553402410146,0.3187693119194104,-0.02556910466570076,0.07606202866690351,607,WinPct,table-19c,,,,,,0.06861329695755349,0,provisional
(5),MeanLogPickRoster,-0.3077123181860319,0.054571366227454385,3.4415382856771968e-6,-0.41901135339514795,-0.19641328297691585,607,WinPct,table-19c,,,,,,0.06861329695755349,0,provisional
(5),ShareBlackRoster,0.16453717168762083,0.1337159529715142,0.2277664228006845,-0.10817831239549214,0.4372526557707338,607,WinPct,table-19c,,,,,,0.06861329695755349,0,provisional
(5),ShareCoachesNewToFranchise,-0.058251254880626255,0.033816566746685435,0.0949312225133967,-0.12722059747145284,0.01071808771020033,607,WinPct,table-19c,,,,,,0.06861329695755349,0,provisional
(5),ShareCoachesPromoted,-0.2752377654693077,0.0979754806234458,0.008521658070297235,-0.47506007561797614,-0.07541545532063929,607,WinPct,table-19c,,,,,,0.06861329695755349,0,provisional
(6),ShareBlackCoaches,-0.13453346935119143,0.10156092263192576,0.19496748295568309,-0.3416683366874293,0.07260139798504645,608,WinPct,table-19c,,0.2081208120812081,-0.3506177129751638,0.07984944547006888,9999,0.06861329695755349,0,provisional
(6),HCBlack,-0.041506655679464856,0.030046087046900843,0.1770223877282841,-0.10278605422321607,0.01977274286428636,608,WinPct,table-19c,,0.19111911191119113,-0.10839910498346716,0.019265224099739027,9999,0.06861329695755349,0,provisional
(6),OCBlack,-0.0033525656345907272,0.04340809877262511,0.9389340194988217,-0.09188396676386307,0.08517883549468161,608,WinPct,table-19c,,,,,,0.06861329695755349,0,provisional
(6),DCBlack,0.042633801298289635,0.023988295489223613,0.08533665119314153,-0.006290649908112227,0.09155825250469149,608,WinPct,table-19c,,,,,,0.06861329695755349,0,provisional
(6),GMBlack,0.024640203944723753,0.024740197874407385,0.3269814698995981,-0.025817762286637947,0.07509817017608546,608,WinPct,table-19c,,,,,,0.06861329695755349,0,provisional
(6),MeanLogPickRoster,-0.29861589844442094,0.05267384905181637,3.1545012631784055e-6,-0.4060449218590551,-0.19118687502978676,608,WinPct,table-19c,,,,,,0.06861329695755349,0,provisional
(6),ShareBlackRoster,0.16373340705442652,0.13269222525263216,0.22650104275915353,-0.10689417058057782,0.43436098468943085,608,WinPct,table-19c,,,,,,0.06861329695755349,0,provisional
Coord.,ShareBlackCoordinators,0.012309621504709057,0.04434586245931109,0.7831759511606862,-0.0781343612731016,0.10275360428251971,607,WinPct,table-20,,0.7825782578257826,-0.07873417539270891,0.1024058923481769,9999,0.06861329695755349,0,provisional
Coord.,HCBlack,-0.04728539444906134,0.027329606775683305,0.09354208993322485,-0.10302449495279382,0.008453706054671148,607,WinPct,table-20,,,,,,0.06861329695755349,0,provisional
Coord.,GMBlack,0.013738870916283523,0.03244638293960355,0.6749027832538824,-0.05243596337596494,0.07991370520853198,607,WinPct,table-20,,,,,,0.06861329695755349,0,provisional
Position,ShareBlackPositionCoaches,0.014849830517425468,0.060102129890963744,0.8064779510439938,-0.10772927155225857,0.1374289325871095,607,WinPct,table-20,,0.8061806180618062,-0.10992719521518253,0.14519269268003654,9999,0.06861329695755349,0,provisional
Position,HCBlack,-0.05196663858470579,0.029459018804773602,0.08758051054181643,-0.1120487035546862,0.008115426385274613,607,WinPct,table-20,,,,,,0.06861329695755349,0,provisional
Position,OCBlack,0.022566806053678383,0.043096061409706336,0.6042528662158893,-0.06532819067814305,0.1104618027854998,607,WinPct,table-20,,,,,,0.06861329695755349,0,provisional
Position,DCBlack,0.02520702722598528,0.020699697852677088,0.2325077454686321,-0.0170102848808925,0.06742433933286306,607,WinPct,table-20,,,,,,0.06861329695755349,0,provisional
Position,GMBlack,0.014923912208257995,0.03033175080442731,0.6261695965545533,-0.046938101410116576,0.07678592582663256,607,WinPct,table-20,,,,,,0.06861329695755349,0,provisional
Assistants,ShareBlackAssistants,-0.07681489985903023,0.06188924038234174,0.22385432567555405,-0.2030388378060758,0.049409038088015333,607,WinPct,table-20,,0.21942194219421943,-0.22696703206576635,0.04733527932827285,9999,0.06861329695755349,0,provisional
Assistants,HCBlack,-0.05465765572820038,0.02873106922194466,0.06644602086429742,-0.1132550577357025,0.003939746279301742,607,WinPct,table-20,,,,,,0.06861329695755349,0,provisional
Assistants,OCBlack,0.020498662185786037,0.04228577711568816,0.6312509885811397,-0.06574374883298148,0.10674107320455356,607,WinPct,table-20,,,,,,0.06861329695755349,0,provisional
Assistants,DCBlack,0.02468852074913954,0.020508418167833803,0.23776980124323702,-0.017138673868477887,0.06651571536675696,607,WinPct,table-20,,,,,,0.06861329695755349,0,provisional
Assistants,GMBlack,0.012726604717366044,0.03135962878783113,0.6876568872013089,-0.051231779869415434,0.07668498930414752,607,WinPct,table-20,,,,,,0.06861329695755349,0,provisional
Front office,ShareBlackFrontOffice,-0.023897147163821644,0.12619722699961536,0.8510423500063495,-0.281278088527477,0.23348379419983373,607,WinPct,table-20,,0.8544854485448545,-0.3292945914357739,0.25286460173614017,9999,0.06861329695755349,0,provisional
Front office,HCBlack,-0.051689620275344794,0.028264830550208748,0.07707119735321193,-0.10933612224261152,0.005956881691921934,607,WinPct,table-20,,,,,,0.06861329695755349,0,provisional
Front office,OCBlack,0.025102956202430003,0.042744085717623545,0.5612658816695012,-0.062074181372583886,0.11228009377744388,607,WinPct,table-20,,,,,,0.06861329695755349,0,provisional
Front office,DCBlack,0.025842029404380757,0.02035127967844875,0.21360574647167965,-0.015664679151189433,0.06734873795995094,607,WinPct,table-20,,,,,,0.06861329695755349,0,provisional
Personnel,ShareBlackPersonnel,-0.08057387239754181,0.058698572347327824,0.17970429923524658,-0.2002903999841893,0.03914265518910566,596,WinPct,table-20,,0.17561756175617563,-0.2567864676501811,0.031931527873397134,9999,0.06861329695755349,0,provisional
Personnel,HCBlack,-0.060858022124464874,0.02863830204446496,0.041656818503029,-0.11926622422611291,-0.002449820022816837,596,WinPct,table-20,,,,,,0.06861329695755349,0,provisional
Personnel,OCBlack,0.02512289914286032,0.04389245323812982,0.5711966959533578,-0.06439634943163101,0.11464214771735166,596,WinPct,table-20,,,,,,0.06861329695755349,0,provisional
Personnel,DCBlack,0.02463472453355904,0.021231635855852242,0.2547912997689301,-0.01866748228344372,0.06793693135056181,596,WinPct,table-20,,,,,,0.06861329695755349,0,provisional
Personnel,GMBlack,0.0032382582287835767,0.02861901045876369,0.9106407514370757,-0.05513059842442441,0.06160711488199156,596,WinPct,table-20,,,,,,0.06861329695755349,0,provisional
Coaching jointly,ShareBlackCoordinators,0.009989138058869973,0.046414716695521635,0.8310094424398655,-0.08467430075232626,0.10465257687006621,607,WinPct,table-20,,0.8317831783178318,-0.08702010250455769,0.10501039685487214,9999,0.06861329695755349,0,provisional
Coaching jointly,ShareBlackPositionCoaches,0.02459152822277982,0.06551113750210653,0.7099346648378353,-0.10901931760149045,0.1582023740470501,607,WinPct,table-20,,0.7165716571657166,-0.11201050785280886,0.1674693318395497,9999,0.06861329695755349,0,provisional
Coaching jointly,ShareBlackAssistants,-0.07583647418836997,0.06294975405929974,0.23743061695972673,-0.20422334403965867,0.05255039566291872,607,WinPct,table-20,,0.23802380238023801,-0.23047355049127133,0.050060122273761685,9999,0.06861329695755349,0,provisional
Coaching jointly,HCBlack,-0.05054685361042479,0.0278057500942862,0.07876238750124379,-0.1072570548148597,0.0061633475940101115,607,WinPct,table-20,,,,,,0.06861329695755349,0,provisional
Coaching jointly,GMBlack,0.01221470550629242,0.03339826667293241,0.7170514168074087,-0.05590150845948626,0.08033091947207109,607,WinPct,table-20,,,,,,0.06861329695755349,0,provisional
Blau,BlauBlackCoaches,-0.09106025762239134,0.08049622630865992,0.2666313588598441,-0.25523339356307156,0.07311287831828889,607,WinPct,table-20,,0.2713271327132713,-0.2641760348001887,0.08023480345741188,9999,0.06861329695755349,0,provisional
Blau,HCBlack,-0.04588370431318789,0.03017535086723955,0.1385033190880621,-0.10742673815665246,0.01565932953027669,607,WinPct,table-20,,,,,,0.06861329695755349,0,provisional
Blau,OCBlack,0.02525290341055878,0.04304742102061437,0.5617002878085794,-0.0625428905936716,0.11304869741478918,607,WinPct,table-20,,,,,,0.06861329695755349,0,provisional
Blau,DCBlack,0.03310038828093962,0.02198609205307969,0.14231410060449606,-0.011740542095025619,0.07794131865690486,607,WinPct,table-20,,,,,,0.06861329695755349,0,provisional
Blau,GMBlack,0.012205503402873645,0.03026701845565365,0.6895243215343239,-0.04952448771976022,0.07393549452550752,607,WinPct,table-20,,,,,,0.06861329695755349,0,provisional
(1),UnitCoordBlack,0.009674959969939643,0.015400609571274674,0.5344616102227453,-0.02173479033337628,0.04108471027325557,1216,UnitEPAPerPlay,table-21,,0.57005700570057,-0.022934317614163945,0.04201485050541511,9999,0.06861329695755349,0,provisional
(1),ShareBlackUnitCoaches,-0.050131464303339014,0.03393985391265855,0.14974533652812758,-0.11935225272693586,0.019089324120257843,1216,UnitEPAPerPlay,table-21,,0.162016201620162,-0.12293767924587622,0.01921075746032857,9999,0.06861329695755349,0,provisional
(2),UnitCoordBlack,0.008926043691433622,0.012209517224558394,0.47022494728874864,-0.015975430862061775,0.03382751824492902,1216,UnitEPAPerPlay,table-21,,0.49274927492749276,-0.017639716198767346,0.034452902742530045,9999,0.06861329695755349,0,provisional
(2),ShareBlackUnitCoaches,-0.04192597321499994,0.028066414140512214,0.14533425469902267,-0.09916780224670489,0.015315855816705012,1216,UnitEPAPerPlay,table-21,,0.15961596159615962,-0.10388325981651433,0.01624057431135086,9999,0.06861329695755349,0,provisional
(2),ShareBlackUnitRoster,0.026317609355527617,0.03718417536226409,0.4843796640728497,-0.04952001628897203,0.10215523500002725,1216,UnitEPAPerPlay,table-21,,,,,,0.06861329695755349,0,provisional
(2),OffQBWeek1Black,0.012976307161138654,0.010788054370857433,0.2381447239610787,-0.009026074788680626,0.03497868911095793,1216,UnitEPAPerPlay,table-21,,,,,,0.06861329695755349,0,provisional
(2),OffQBWeek1LogPick,-0.0010823700670897615,0.002334722170333375,0.6461752755107368,-0.005844067327084485,0.0036793271929049616,1216,UnitEPAPerPlay,table-21,,,,,,0.06861329695755349,0,provisional
(2),DefHCBlack,0.010958916246018803,0.010530472122903027,0.30607011058603745,-0.010518123245544452,0.03243595573758206,1216,UnitEPAPerPlay,table-21,,,,,,0.06861329695755349,0,provisional
(2),UnitMeanLogPickRoster,-0.012226956435303186,0.013336417951848542,0.3663201669805446,-0.039426760174860735,0.014972847304254362,1216,UnitEPAPerPlay,table-21,,,,,,0.06861329695755349,0,provisional
(2),LagUnitEPAPerPlay,0.2970246094948003,0.043971018059670776,1.4611567161152283e-7,0.20734512691036244,0.38670409207923817,1216,UnitEPAPerPlay,table-21,,,,,,0.06861329695755349,0,provisional
(3),UnitCoordBlack,-9.614905141551039e-4,0.015550961454604488,0.9510964358028601,-0.0326778855052132,0.030754904476902996,832,UnitEPAPerPlay,table-21,,0.9536953695369537,-0.035485016595106646,0.032805486988399316,9999,0.06861329695755349,0,provisional
(3),ShareBlackUnitCoaches,-0.014151929085261129,0.03191506323673596,0.6605379711520643,-0.07924312969917578,0.05093927152865353,832,UnitEPAPerPlay,table-21,,0.6647664766476648,-0.08809224397453227,0.05089044856357064,9999,0.06861329695755349,0,provisional
(3),ShareBlackUnitRosterSnapW,-0.01542143435827632,0.03511070618135756,0.6635463617055486,-0.08703019172762855,0.0561873230110759,832,UnitEPAPerPlay,table-21,,,,,,0.06861329695755349,0,provisional
(3),OffQBWeek1Black,0.010378938837960542,0.012900938106180438,0.42722935485602476,-0.015932697900722274,0.03669057557664336,832,UnitEPAPerPlay,table-21,,,,,,0.06861329695755349,0,provisional
(3),OffQBWeek1LogPick,0.002927039585910323,0.0025161773761451316,0.2535889045338298,-0.0022047380062561062,0.008058817178076752,832,UnitEPAPerPlay,table-21,,,,,,0.06861329695755349,0,provisional
(3),DefHCBlack,-0.0070078127809792,0.012703756229538071,0.5851546067149742,-0.03291729443086423,0.018901668868905833,832,UnitEPAPerPlay,table-21,,,,,,0.06861329695755349,0,provisional
(3),UnitMeanLogPickSnapW,-0.05786389855583489,0.01102034078296855,1.0467286747372967e-5,-0.08034003176656997,-0.03538776534509981,832,UnitEPAPerPlay,table-21,,,,,,0.06861329695755349,0,provisional
(3),UnitCapShare,0.07671629013477725,0.04806541479549853,0.12061617365529609,-0.021313769647262865,0.17474634991681737,832,UnitEPAPerPlay,table-21,,,,,,0.06861329695755349,0,provisional
(3),LagUnitEPAPerPlay,0.27973552419082487,0.05417886762048598,1.3452105724889454e-5,0.16923699516831275,0.390234053213337,832,UnitEPAPerPlay,table-21,,,,,,0.06861329695755349,0,provisional
(4),UnitCoordBlack,-7.926084982347564e-4,0.00679631522276759,0.9079108724289056,-0.014653784781017856,0.013068567784548344,1216,UnitSuccessRate,table-21,,0.91999199919992,-0.01480276841868355,0.013630116400091331,9999,0.06861329695755349,0,provisional
(4),ShareBlackUnitCoaches,-0.024741521274829963,0.017789985261196715,0.1742030885435572,-0.06102443542623458,0.011541392876574654,1216,UnitSuccessRate,table-21,,0.18841884188418842,-0.0629689629593425,0.013013673410204573,9999,0.06861329695755349,0,provisional
(5),UnitCoordBlack,-0.0015586927435850698,0.005015891151756218,0.7580698798226526,-0.011788670193252644,0.008671284706082503,1216,UnitSuccessRate,table-21,,0.7641764176417641,-0.01241918395150407,0.009142531430528943,9999,0.06861329695755349,0,provisional
(5),ShareBlackUnitCoaches,-0.021924082490553574,0.011471649395713886,0.06526955286113745,-0.04532066568545727,0.001472500704350125,1216,UnitSuccessRate,table-21,,0.07300730073007301,-0.047656785924450426,0.002052291638242042,9999,0.06861329695755349,0,provisional
(5),ShareBlackUnitRoster,-0.001057990383664545,0.015082482992530922,0.9445272549318959,-0.0318189172519765,0.029702936484647405,1216,UnitSuccessRate,table-21,,,,,,0.06861329695755349,0,provisional
(5),OffQBWeek1Black,0.002287658169917445,0.004360283056902717,0.6035528535625039,-0.006605197754730082,0.011180514094564971,1216,UnitSuccessRate,table-21,,,,,,0.06861329695755349,0,provisional
(5),OffQBWeek1LogPick,-9.258162249627939e-4,0.0010278227353596738,0.3746635801513013,-0.003022074514240786,0.001170442064315198,1216,UnitSuccessRate,table-21,,,,,,0.06861329695755349,0,provisional
(5),DefHCBlack,0.0014395179800546795,0.003911963835094625,0.7153901248547547,-0.006538984863437269,0.009418020823546628,1216,UnitSuccessRate,table-21,,,,,,0.06861329695755349,0,provisional
(5),UnitMeanLogPickRoster,-0.005563188517949875,0.006186235476887182,0.375433522887899,-0.018180098955635778,0.0070537219197360284,1216,UnitSuccessRate,table-21,,,,,,0.06861329695755349,0,provisional
(5),LagUnitSuccessRate,0.3763252852586141,0.04033914973242646,1.6387696739516374e-10,0.2940530469631323,0.4585975235540959,1216,UnitSuccessRate,table-21,,,,,,0.06861329695755349,0,provisional
(6),UnitCoordBlack,-0.002073471905084305,0.0061842334571138215,0.7396696048780766,-0.01468629919652249,0.01053935538635388,832,UnitSuccessRate,table-21,,0.7507750775077507,-0.015560197701566985,0.011125560170929655,9999,0.06861329695755349,0,provisional
(6),ShareBlackUnitCoaches,-0.016018888859872172,0.01233555837497437,0.20366056467913796,-0.041177426034440225,0.00913964831469588,832,UnitSuccessRate,table-21,,0.21392139213921393,-0.044248909847697374,0.009121559952354353,9999,0.06861329695755349,0,provisional
(6),ShareBlackUnitRosterSnapW,-0.014703856076678717,0.012608780174342304,0.252443441481604,-0.04041963278490629,0.01101192063154886,832,UnitSuccessRate,table-21,,,,,,0.06861329695755349,0,provisional
(6),OffQBWeek1Black,0.0027342961136902198,0.005275083665197198,0.6079000993232618,-0.008024307952345515,0.013492900179725953,832,UnitSuccessRate,table-21,,,,,,0.06861329695755349,0,provisional
(6),OffQBWeek1LogPick,0.001305378788942124,0.0010568389521650892,0.22604598496896205,-8.500584646740658e-4,0.003460816042558314,832,UnitSuccessRate,table-21,,,,,,0.06861329695755349,0,provisional
(6),DefHCBlack,-0.0024028681424296226,0.004786099674622132,0.6191788608940372,-0.012164182784614935,0.007358446499755689,832,UnitSuccessRate,table-21,,,,,,0.06861329695755349,0,provisional
(6),UnitMeanLogPickSnapW,-0.02803450697648572,0.005274604771104257,8.702924410654166e-6,-0.0387921343315795,-0.01727687962139194,832,UnitSuccessRate,table-21,,,,,,0.06861329695755349,0,provisional
(6),UnitCapShare,0.03661759333068807,0.019895467569534097,0.0752855453025651,-0.003959480299720389,0.07719466696109653,832,UnitSuccessRate,table-21,,,,,,0.06861329695755349,0,provisional
(6),LagUnitSuccessRate,0.3125874348184354,0.05559546509146975,3.6046564529019884e-6,0.19919973620572068,0.42597513343115007,832,UnitSuccessRate,table-21,,,,,,0.06861329695755349,0,provisional
(1),HCBlack,-0.10028320194291925,0.04564552453754344,0.03562228029307495,-0.19337786300505627,-0.007188540880782204,179,DeltaWinPct,table-22,0.029,0.045104510451045104,-0.19764881382740243,-0.0028234649652851143,9999,0.06861329695755349,0,provisional
(1),RetainedInterim,-0.02811574304379789,0.07363887389664475,0.7052102395990305,-0.17830321653349432,0.12207173044589854,179,DeltaWinPct,table-22,,,,,,0.06861329695755349,0,provisional
(1),LagExpectedWins,-0.042418323696266386,0.00625061336671263,1.3393194733774158e-7,-0.05516653370590192,-0.029670113686630854,179,DeltaWinPct,table-22,,,,,,0.06861329695755349,0,provisional
(2),HCBlack,-0.04674236351376004,0.043616300156201465,0.2921400537584195,-0.1356983941643947,0.04221366713687461,179,WinPct,table-22,0.243,0.3171317131713171,-0.14194955794993336,0.05062499890392394,9999,0.06861329695755349,0,provisional
(2),RetainedInterim,-0.021481092249200275,0.05978402255762716,0.7217980187806771,-0.14341141013514705,0.10044922563674649,179,WinPct,table-22,,,,,,0.06861329695755349,0,provisional
(2),LagWinPct,-0.12965059929746708,0.1402625988893273,0.36244799018610674,-0.41571805575875603,0.15641685716382187,179,WinPct,table-22,,,,,,0.06861329695755349,0,provisional
(2),LagExpectedWins,0.04091918943006064,0.013572145822170202,0.00509204282285794,0.013238615529291679,0.06859976333082961,179,WinPct,table-22,,,,,,0.06861329695755349,0,provisional
(3),HCBlack,-0.546795644112591,0.41820221031285254,0.2006605510375564,-1.3997246753583523,0.3061333871331704,179,WinsOverExpected,table-22,0.1989,0.21422142214221424,-1.429493912349654,0.3603018914057383,9999,0.06861329695755349,0,provisional
(3),RetainedInterim,-0.5115721617069611,0.5274257794155973,0.3395830259285426,-1.5872641308011777,0.5641198073872555,179,WinsOverExpected,table-22,,,,,,0.06861329695755349,0,provisional
(3),LagWinPct,-3.1601264053291303,1.671993080661592,0.06813515361649522,-6.570178775620201,0.24992596496194075,179,WinsOverExpected,table-22,,,,,,0.06861329695755349,0,provisional
(3),LagExpectedWins,0.26242765779974403,0.1593247214992644,0.10963382624625888,-0.06251725404136865,0.5873725696408567,179,WinsOverExpected,table-22,,,,,,0.06861329695755349,0,provisional
(4),HCBlack,-0.12499253810927893,0.053017658977951805,0.02488688071052851,-0.2331227664912709,-0.016862309727286973,132,DeltaWinPct,table-22,0.0261,0.029302930293029304,-0.24120035414911578,-0.01249224527064815,9999,0.06861329695755349,0,provisional
(4),RetainedInterim,-0.043807094594746895,0.08721963281698594,0.6190325552548994,-0.22169270851474715,0.1340785193252534,132,DeltaWinPct,table-22,,,,,,0.06861329695755349,0,provisional
(4),LagExpectedWins,-0.03359123637755453,0.00808956928885619,2.3873100946814868e-4,-0.050090021717732164,-0.017092451037376902,132,DeltaWinPct,table-22,,,,,,0.06861329695755349,0,provisional
(5),HCBlack,-0.06966458844074665,0.05876444749572909,0.24483230025395092,-0.18951546927834184,0.05018629239684856,132,WinPct,table-22,0.1713,0.28722872287228723,-0.2029895303062496,0.068055070673091,9999,0.06861329695755349,0,provisional
(5),RetainedInterim,-0.012558723565964984,0.06607181593755085,0.8504881163054149,-0.14731308059842846,0.12219563346649848,132,WinPct,table-22,,,,,,0.06861329695755349,0,provisional
(5),LagWinPct,-0.2271112340853926,0.15896261096129302,0.16308732103510487,-0.5513176166152308,0.09709514844444558,132,WinPct,table-22,,,,,,0.06861329695755349,0,provisional
(5),LagExpectedWins,0.056353640531363505,0.01635132616175815,0.0016537434430358086,0.023004890958044387,0.08970239010468262,132,WinPct,table-22,,,,,,0.06861329695755349,0,provisional
(6),HCBlack,-0.849008251976574,0.5745253583551825,0.14956197227430998,-2.0207604456376838,0.3227439416845357,132,WinsOverExpected,table-22,0.1136,0.18241824182418243,-2.1044240785216832,0.4848123540562357,9999,0.06861329695755349,0,provisional
(6),RetainedInterim,-0.509618021529194,0.6235789206877955,0.42002412216646634,-1.7814156151613125,0.7621795721029244,132,WinsOverExpected,table-22,,,,,,0.06861329695755349,0,provisional
(6),LagWinPct,-3.103778270972315,1.8243810222524863,0.09890221137942203,-6.824627897206685,0.6170713552620559,132,WinsOverExpected,table-22,,,,,,0.06861329695755349,0,provisional
(6),LagExpectedWins,0.3555957012834954,0.1891662845626823,0.06956200529390524,-0.030211479686944487,0.7414028822539352,132,WinsOverExpected,table-22,,,,,,0.06861329695755349,0,provisional
(7),HCDoc,-0.05090027995455061,0.041369509164433875,0.22780929484582393,-0.13527395016623295,0.03347339025713171,179,WinPct,table-22,0.1895,0.2446244624462446,-0.141550685988868,0.038723430338873044,9999,0.06861329695755349,0,provisional
(7),RetainedInterim,-0.020627616468879197,0.0597013411486537,0.7320420971763968,-0.1423893045094576,0.10113407157169921,179,WinPct,table-22,,,,,,0.06861329695755349,0,provisional
(7),LagWinPct,-0.12877780864657412,0.137929993338378,0.357702148365197,-0.41008788472156305,0.1525322674284148,179,WinPct,table-22,,,,,,0.06861329695755349,0,provisional
(7),LagExpectedWins,0.0410619537077061,0.013372336037994216,0.00441776761174638,0.013788894548485628,0.06833501286692657,179,WinPct,table-22,,,,,,0.06861329695755349,0,provisional
(8),HCBlack,0.10966305378068193,0.06402703157020344,0.09674302798324354,-0.020920938039595313,0.24024704560095916,179,WinPct,table-22,0.006,0.47194719471947194,-0.7722409786264925,0.952484529815219,9999,0.06861329695755349,0,provisional
(8),HCDoc,-0.15619040733149525,0.050529196130169075,0.00419254147141512,-0.25924538227457644,-0.053135432388414075,179,WinPct,table-22,,0.37093709370937095,-1.0415415499245582,0.7351360181024825,9999,0.06861329695755349,0,provisional
(8),RetainedInterim,-0.021194610115279497,0.05991012231584534,0.7259035182348549,-0.1433821101536996,0.1009928899231406,179,WinPct,table-22,,,,,,0.06861329695755349,0,provisional
(8),LagWinPct,-0.13754742887168742,0.14147105079784075,0.33844422784575345,-0.4260795392497129,0.1509846815063381,179,WinPct,table-22,,,,,,0.06861329695755349,0,provisional
(8),LagExpectedWins,0.041827638993831615,0.013647774465364582,0.004484567715432354,0.013992819458334999,0.06966245852932823,179,WinPct,table-22,,,,,,0.06861329695755349,0,provisional
(1),ShareBlackCoaches,-0.06295150104797369,0.141726042283295,0.6599996970217586,-0.35200366998929977,0.22610066789335237,575,WinPct,table-23,,0.6593659365936594,-0.35747925830744354,0.234921062717255,9999,0.06861329695755349,0,provisional
(1),F1ShareBlackCoaches,-0.0012133076998902604,0.11541839865842375,0.9916799498175046,-0.23661068372528665,0.23418406832550615,575,WinPct,table-23,,0.9932993299329933,,,9999,0.06861329695755349,0,provisional
(1),HCBlack,-0.049906968405142055,0.03291160632233195,0.13955178012585812,-0.1170306320420431,0.01721669523175899,575,WinPct,table-23,,0.1562156215621562,-0.12203843615168469,0.01977599265408824,9999,0.06861329695755349,0,provisional
(1),OCBlack,0.02037621376269721,0.04248996183892437,0.6349109135987924,-0.06628263474465929,0.10703506227005372,575,WinPct,table-23,,,,,,0.06861329695755349,0,provisional
(1),DCBlack,0.03921685878845556,0.02539211306493887,0.132627624987012,-0.012570697239905185,0.0910044148168163,575,WinPct,table-23,,,,,,0.06861329695755349,0,provisional
(1),GMBlack,0.004130363666406383,0.034133512385513695,0.9044671323421469,-0.06548539381658713,0.073746121149399907,575,WinPct,table-23,,,,,,0.06861329695755349,0,provisional
(2),ShareBlackCoaches,-0.05150715466643588,0.14098404835582057,0.7173384017623745,-0.3390460170155334,0.2360317076826616,575,WinPct,table-23,,0.7182718271827183,-0.34531497915587817,0.24675179117260496,9999,0.06861329695755349,0,provisional
(2),F1ShareBlackCoaches,-0.023029463150551738,0.12087776093938664,0.8501449538624617,-0.2695612819567213,0.22350235565561782,575,WinPct,table-23,,0.8456845684568457,-0.27488127130206935,0.22619674685292646,9999,0.06861329695755349,0,provisional
(2),HCBlack,-0.06172609312279708,0.03284374163869881,0.06962086035686575,-0.1287113458248929,0.005259159579298754,575,WinPct,table-23,,0.08720872087208721,-0.13161202628375568,0.009206671596244881,9999,0.06861329695755349,0,provisional
(2),F1HCBlack,0.020871543785821213,0.023806097621634,0.3873765231159464,-0.027681312419726885,0.06942439999136932,575,WinPct,table-23,,0.39793979397939794,-0.026126451171167932,0.07023775321582593,9999,0.06861329695755349,0,provisional
(2),OCBlack,0.020731653734208176,0.042213817653456456,0.6268072111471743,-0.06536399499374235,0.10682730246215869,575,WinPct,table-23,,,,,,0.06861329695755349,0,provisional
(2),DCBlack,0.039113473194420136,0.02519170856275481,0.13066161568601434,-0.012265355157017835,0.0904923015458581,575,WinPct,table-23,,,,,,0.06861329695755349,0,provisional
(2),GMBlack,0.0025193337135633255,0.03424571507495453,0.9418280592414352,-0.06732526266326662,0.07236393009039328,575,WinPct,table-23,,,,,,0.06861329695755349,0,provisional
(3),ShareBlackCoaches,-0.07039358292781532,0.15883819449654998,0.6607145378433318,-0.394346216404857,0.25355905054922634,575,WinPct,table-23,,0.6616661666166617,-0.40777375213231293,0.2742209046548678,9999,0.06861329695755349,0,provisional
(3),F1ShareBlackCoaches,-0.2254911658272706,0.1914061202293084,0.24773061075569217,-0.6158665217575127,0.16488419010297142,575,WinPct,table-23,,0.24072407240724072,-0.6109368700360593,0.16060771630129272,9999,0.06861329695755349,0,provisional
(3),HCBlack,-0.06410990260841963,0.03305107355448617,0.06155918074488472,-0.13151801154063092,0.0032982063237916442,575,WinPct,table-23,,0.0775077507750775,-0.13466112388107107,0.007222577460234885,9999,0.06861329695755349,0,provisional
(3),F1HCBlack,0.021991988732313946,0.023821347050084245,0.3630306801048493,-0.026591968887608283,0.07057594635223617,575,WinPct,table-23,,0.3613361336133613,-0.024554316935242442,0.07040427022432781,9999,0.06861329695755349,0,provisional
(3),F1OCBlack,0.07686693021572723,0.04920866882064503,0.1284258122967046,-0.023494811523245993,0.17722867195470043,575,WinPct,table-23,,,,,,0.06861329695755349,0,provisional
(3),F1DCBlack,1.272608137000974e-4,0.04010969286418476,0.9974887907612265,-0.08167699711363478,0.08193151874103498,575,WinPct,table-23,,,,,,0.06861329695755349,0,provisional
(3),F1GMBlack,0.008489268401080018,0.04061706109167662,0.83580978687515,-0.07434977384849883,0.09132831065065886,575,WinPct,table-23,,,,,,0.06861329695755349,0,provisional
(3),F1ShareBlackCoordinators,0.012097302749808376,0.11352008575044048,0.9158204914598629,-0.21942843857428826,0.24362304407390503,575,WinPct,table-23,,,,,,0.06861329695755349,0,provisional
(3),F1ShareBlackPositionCoaches,0.15512821674033386,0.08759827553390567,0.0864098012810021,-0.02352964409220426,0.333786077572872,575,WinPct,table-23,,,,,,0.06861329695755349,0,provisional
(3),F1ShareBlackFrontOffice,-0.17746814894248664,0.13964958689516588,0.21325022414298667,-0.4622853591988811,0.10734906131390781,575,WinPct,table-23,,,,,,0.06861329695755349,0,provisional
(3),OCBlack,-6.020337722494062e-4,0.03912791550785022,0.9878225950694979,-0.08040394357997248,0.07919987603547367,575,WinPct,table-23,,,,,,0.06861329695755349,0,provisional
(3),DCBlack,0.04250392090393013,0.03115178871341278,0.18226114761929338,-0.02103057105637509,0.10603841286423535,575,WinPct,table-23,,,,,,0.06861329695755349,0,provisional
(3),GMBlack,0.005328692100755488,0.036315656255669126,0.8842931581458549,-0.06873757714739154,0.0793949613489025,575,WinPct,table-23,,,,,,0.06861329695755349,0,provisional
(4),ShareBlackCoaches,-0.04487541912093829,0.13059327840125654,0.7334463534074224,-0.3112221664292906,0.22147132818741405,608,LagWinPct,table-23,,0.7227722772277227,-0.3204330003340907,0.22450644208262152,9999,0.06861329695755349,0,provisional
(4),HCBlack,0.007248638519414096,0.03215668112675261,0.8231349407494202,-0.05833534503007945,0.07283262206890764,608,LagWinPct,table-23,,0.8286828682868287,-0.06370698190944205,0.07485658615512324,9999,0.06861329695755349,0,provisional
(5),ShareBlackCoaches,-0.05884532442467999,0.12443160985354648,0.6395881892866828,-0.31262526587773987,0.1949346170283799,608,LagWinPct,table-23,,0.6448644864486449,-0.3144095372749013,0.21201084228978284,9999,0.06861329695755349,0,provisional
(5),HCBlack,0.02220209261684165,0.032310871243233716,0.49710329436941525,-0.04369636374851654,0.08810054898219985,608,LagWinPct,table-23,,0.5201520152015201,-0.05177039652443874,0.09136820831220373,9999,0.06861329695755349,0,provisional
(5),OCBlack,0.04975061805319271,0.03368384441300047,0.14976672941644617,-0.018948035553446277,0.1184492716598317,608,LagWinPct,table-23,,,,,,0.06861329695755349,0,provisional
(5),DCBlack,0.005053483663082526,0.02013985700516919,0.8035320579618006,-0.036022025507460934,0.04612899283362598,608,LagWinPct,table-23,,,,,,0.06861329695755349,0,provisional
(5),GMBlack,0.019752819856821837,0.03168545880118773,0.537579678787516,-0.044870099423439946,0.08437573913708363,608,LagWinPct,table-23,,,,,,0.06861329695755349,0,provisional
