model,term,estimate,std_error,p_value,ci_low,ci_high,nobs,dep_var,table,p_perm_exch,p_wcb,wcb_ci_low,wcb_ci_high,wcb_reps,staff_timing,within_sd_coaches,hand_coverage,race_measure
(1),ShareBlackCoachesPre,-0.3833136057563753,0.19374333025062482,0.05682135417702285,-0.7784557329521447,0.011828521439394002,608,WinPct,table-19,,0.0698069806980698,-0.7749493156821151,0.03899171982137433,9999,opening_day,0.06032325755188335,0,predicted
(1),MeanPriorBlackPredCoachesPre,-0.3278451265670049,0.5845041862353049,0.5789015452388209,-1.5199492738688996,0.8642590207348899,608,WinPct,table-19,,,,,,opening_day,0.06032325755188335,0,predicted
(2),ShareBlackCoachesPre,-0.4877995965956104,0.17272598464263922,0.008214464245182745,-0.8400765648163326,-0.1355226283748882,608,WinPct,table-19,,0.015601560156015602,-0.8359433616856142,-0.10704744908901864,9999,opening_day,0.06032325755188335,0,predicted
(2),MeanPriorBlackPredCoachesPre,-0.6802747134516821,0.45374674326998665,0.14392755685600483,-1.6056972976093988,0.2451478707060346,608,WinPct,table-19,,,,,,opening_day,0.06032325755188335,0,predicted
(3),ShareBlackCoachesPre,-0.45506332552166945,0.18476499335990765,0.01953669294671435,-0.8318940139025441,-0.0782326371407947,608,WinPct,table-19,,0.028302830283028303,-0.832069762086022,-0.04378870324084985,9999,opening_day,0.06032325755188335,0,predicted
(3),HCBlackPre,-0.04416675298786298,0.0824504239148339,0.5960048643445424,-0.2123255012232507,0.12399199524752472,608,WinPct,table-19,,0.6238623862386239,-0.23277369081170923,0.14655072557760407,9999,opening_day,0.06032325755188335,0,predicted
(3),OCBlackPre,0.044254349454542215,0.056805719738527265,0.44185859064682886,-0.07160167978441001,0.16011037869349443,608,WinPct,table-19,,,,,,opening_day,0.06032325755188335,0,predicted
(3),DCBlackPre,-0.004155290532781777,0.03741726058006672,0.9122904014956179,-0.08046829661314613,0.07215771554758256,608,WinPct,table-19,,,,,,opening_day,0.06032325755188335,0,predicted
(3),GMBlackPre,-0.017620360228045234,0.06701723397694681,0.7943496715571488,-0.15430291006432248,0.11906218960823202,608,WinPct,table-19,,,,,,opening_day,0.06032325755188335,0,predicted
(3),MeanPriorBlackPredCoachesPre,-0.5444589717371049,0.5289360577173265,0.3112812481538725,-1.623231173735499,0.5343132302612892,608,WinPct,table-19,,,,,,opening_day,0.06032325755188335,0,predicted
(3),HCPriorBlackPredPre,-0.06264286393751074,0.1449322471469273,0.6685720712869051,-0.3582341308101164,0.23294840293509494,608,WinPct,table-19,,,,,,opening_day,0.06032325755188335,0,predicted
(4),ShareBlackCoachesPre,-0.30516648397184726,0.1685504811045126,0.07991553193889954,-0.6489274565810844,0.0385944886373899,608,WinPct,table-19,,0.09520952095209521,-0.6566026354904964,0.06091902189095867,9999,opening_day,0.06032325755188335,0,predicted
(4),HCBlackPre,-0.0785756853162896,0.07634882979711881,0.31136473058671676,-0.23429015030414418,0.07713877967156497,608,WinPct,table-19,,0.34723472347234724,-0.2536167008118967,0.0999130861211659,9999,opening_day,0.06032325755188335,0,predicted
(4),OCBlackPre,0.019936636731053434,0.04891744851979168,0.6864000401630468,-0.07983115728846576,0.11970443075057263,608,WinPct,table-19,,,,,,opening_day,0.06032325755188335,0,predicted
(4),DCBlackPre,-0.005813439654448119,0.029686913617210996,0.8460251455799318,-0.06636029915875859,0.054733419849862346,608,WinPct,table-19,,,,,,opening_day,0.06032325755188335,0,predicted
(4),GMBlackPre,6.362651806317642e-6,0.05281863068877516,0.9999046568905754,-0.10771794485819661,0.10773067016180923,608,WinPct,table-19,,,,,,opening_day,0.06032325755188335,0,predicted
(4),MeanPriorBlackPredCoachesPre,-0.36982945103054576,0.4264080838925758,0.3924345871197332,-1.239494471781582,0.49983556972049026,608,WinPct,table-19,,,,,,opening_day,0.06032325755188335,0,predicted
(4),HCPriorBlackPredPre,0.04857486190110525,0.11408108118443978,0.6732008554398277,-0.18409503715399997,0.2812447609562105,608,WinPct,table-19,,,,,,opening_day,0.06032325755188335,0,predicted
(4),L1ShareBlackRoster,-0.4251506637410339,0.20251990185917715,0.0440283387772936,-0.8381927267457066,-0.012108600736361164,608,WinPct,table-19,,,,,,roster,0.06032325755188335,0,predicted
(4),LagWinPct,-0.0843380915562709,0.07631051878008792,0.27757874259647,-0.23997442070974584,0.07129823759720405,608,WinPct,table-19,,,,,,not_staff,0.06032325755188335,0,predicted
(4),LagExpectedWins,0.030630830189345884,0.007028701486317626,1.3386567915368207e-4,0.016295698997294668,0.0449659613813971,608,WinPct,table-19,,,,,,not_staff,0.06032325755188335,0,predicted
(4),ShareCoachesNewToFranchisePre,-0.05117065526387567,0.04144604253964851,0.22624412154984647,-0.13570041632340635,0.033359105795655,608,WinPct,table-19,,,,,,opening_day,0.06032325755188335,0,predicted
(4),ShareCoachesPromotedPre,-0.040088385192057374,0.10906993227836095,0.7157081563054914,-0.26253797867132017,0.18236120828720542,608,WinPct,table-19,,,,,,opening_day,0.06032325755188335,0,predicted
(5),ShareBlackCoachesPre,-0.17223695650904924,0.20857945409906703,0.4152492335813185,-0.5976375577861188,0.2531636447680204,581,WinPct,table-19,,0.4219421942194219,-0.6039458654909732,0.2779786691108882,9999,opening_day,0.06032325755188335,0,predicted
(5),OCBlackPre,0.09137809737568302,0.0689668881256795,0.19486967783473244,-0.0492807983127571,0.23203699306412312,581,WinPct,table-19,,,,,,opening_day,0.06032325755188335,0,predicted
(5),DCBlackPre,0.0672287318322917,0.04175452013880651,0.1175145551755517,-0.017930173438633804,0.15238763710321718,581,WinPct,table-19,,,,,,opening_day,0.06032325755188335,0,predicted
(5),GMBlackPre,-0.17598117330242324,0.060589276036542045,0.0067265836012178944,-0.2995538164863744,-0.052408530118472074,581,WinPct,table-19,,0.0708070807080708,-0.33355541098316244,0.11435186938979408,9999,opening_day,0.06032325755188335,0,predicted
(5),MeanPriorBlackPredCoachesPre,-1.4498069524692616,0.6449312765206129,0.031830729303853514,-2.7651529629346516,-0.1344609420038716,581,WinPct,table-19,,,,,,opening_day,0.06032325755188335,0,predicted
(5),L1ShareBlackRoster,-0.5305825947412797,0.20251853518644844,0.013496114251649068,-0.9436218703985454,-0.11754331908401394,581,WinPct,table-19,,,,,,roster,0.06032325755188335,0,predicted
(5),LagWinPct,-0.2626837953564631,0.06392214817924308,2.6924832675982393e-4,-0.393053876090573,-0.13231371462235314,581,WinPct,table-19,,,,,,not_staff,0.06032325755188335,0,predicted
(5),LagExpectedWins,0.01894544061690492,0.008439814227531824,0.032059808854795,0.0017323260147660523,0.03615855521904379,581,WinPct,table-19,,,,,,not_staff,0.06032325755188335,0,predicted
(5),ShareCoachesNewToFranchisePre,-0.06444233848880654,0.037250173954332874,0.09357863141371689,-0.1404145691492737,0.011529892171660616,581,WinPct,table-19,,,,,,opening_day,0.06032325755188335,0,predicted
(5),ShareCoachesPromotedPre,0.009921355608007734,0.10289417817657256,0.923805374598972,-0.19993270433901988,0.21977541555503532,581,WinPct,table-19,,,,,,opening_day,0.06032325755188335,0,predicted
(6),ShareBlackCoachesPre,-0.17398454850703365,0.2083310716538939,0.41003214927211884,-0.5988785704473238,0.25090947343325654,581,WinPct,table-19,,0.415041504150415,-0.6069712562615686,0.27591124659709526,9999,opening_day,0.06032325755188335,0,predicted
(6),OCBlackPre,0.07774052820839038,0.06950692830818637,0.27196421124899023,-0.06401978669386689,0.21950084311064766,581,WinPct,table-19,,,,,,opening_day,0.06032325755188335,0,predicted
(6),DCBlackPre,0.06167515563238536,0.04258319462120724,0.15756039286362064,-0.025173842388082013,0.14852415365285274,581,WinPct,table-19,,,,,,opening_day,0.06032325755188335,0,predicted
(6),GMBlackPre,-0.18084396431188665,0.050797481246685115,0.0012193128560215138,-0.28444611035757034,-0.07724181826620298,581,WinPct,table-19,,0.05540554055405541,-0.31524706407435227,0.021264957039793128,9999,opening_day,0.06032325755188335,0,predicted
(6),MeanPriorBlackPredCoachesPre,-1.3592189481823296,0.6499146443761089,0.04478153448443976,-2.6847286043973435,-0.03370929196731565,581,WinPct,table-19,,,,,,opening_day,0.06032325755188335,0,predicted
(6),L1ShareBlackRoster,-0.5286920944612483,0.18452525376014633,0.007420113523300876,-0.9050338307047762,-0.15235035821772047,581,WinPct,table-19,,,,,,roster,0.06032325755188335,0,predicted
(6),LagExpectedWins,-0.001089270825175689,0.006113962145162644,0.8597555496568285,-0.01355877883099353,0.01138023718064215,581,WinPct,table-19,,,,,,not_staff,0.06032325755188335,0,predicted
(6),ShareCoachesNewToFranchisePre,-0.015022155678642618,0.03662827543486016,0.6845352295129852,-0.08972601594635116,0.059681704589065916,581,WinPct,table-19,,,,,,opening_day,0.06032325755188335,0,predicted
(6),ShareCoachesPromotedPre,-0.01167455845674183,0.10357577809072425,0.9109831468560194,-0.22291875059374444,0.19956963368026076,581,WinPct,table-19,,,,,,opening_day,0.06032325755188335,0,predicted
(7),ShareBlackCoachesPre,-3.049641856345554,1.8034024178771837,0.10085909576395809,-6.727705336869864,0.6284216241787566,608,WinsOverExpected,table-19,,0.11211121112111211,-6.8450847057206365,0.8306389775064879,9999,opening_day,0.06032325755188335,0,predicted
(7),HCBlackPre,-0.7481062546498097,0.8135252555939333,0.3648898741195792,-2.4073019524167116,0.9110894431170921,608,WinsOverExpected,table-19,,0.3951395139513951,-2.6338329939160836,1.1071912181371633,9999,opening_day,0.06032325755188335,0,predicted
(7),OCBlackPre,-0.30662575218270877,0.49952110726723714,0.5438000346345735,-1.3254057672130615,0.712154262847644,608,WinsOverExpected,table-19,,,,,,opening_day,0.06032325755188335,0,predicted
(7),DCBlackPre,-0.23497790014622516,0.31577586487481357,0.46240221474076815,-0.8790070226058626,0.40905122231341234,608,WinsOverExpected,table-19,,,,,,opening_day,0.06032325755188335,0,predicted
(7),GMBlackPre,0.1797919887934698,0.6956436663451222,0.7977647486451456,-1.2389826226179035,1.598566600204843,608,WinsOverExpected,table-19,,,,,,opening_day,0.06032325755188335,0,predicted
(7),MeanPriorBlackPredCoachesPre,-3.5994459060378423,4.567791754258837,0.4366777899444211,-12.91551860918738,5.716626797111695,608,WinsOverExpected,table-19,,,,,,opening_day,0.06032325755188335,0,predicted
(7),HCPriorBlackPredPre,0.9579543686618975,1.355463693495298,0.48500956114635174,-1.8065320603239026,3.7224407976476974,608,WinsOverExpected,table-19,,,,,,opening_day,0.06032325755188335,0,predicted
(7),L1ShareBlackRoster,-3.703908271395083,2.297237576718711,0.11702564531570514,-8.389155198679994,0.9813386558898283,608,WinsOverExpected,table-19,,,,,,roster,0.06032325755188335,0,predicted
(7),LagWinPct,-2.378486783783199,0.851904791922301,0.008892278197086241,-4.115958061958266,-0.6410155056081319,608,WinsOverExpected,table-19,,,,,,not_staff,0.06032325755188335,0,predicted
(7),LagExpectedWins,0.12759488421835194,0.07551929322451849,0.10114535052495906,-0.026427729775406694,0.2816174982121106,608,WinsOverExpected,table-19,,,,,,not_staff,0.06032325755188335,0,predicted
(7),ShareCoachesNewToFranchisePre,-0.2425268645288229,0.4321931644026921,0.5787268359211939,-1.123990634768727,0.6389369057110812,608,WinsOverExpected,table-19,,,,,,opening_day,0.06032325755188335,0,predicted
(7),ShareCoachesPromotedPre,-0.8064276360169358,1.212996077098968,0.5110795802179124,-3.2803494456863755,1.667494173652504,608,WinsOverExpected,table-19,,,,,,opening_day,0.06032325755188335,0,predicted
(8),ShareBlackCoachesPre,-0.32733919426846764,0.1640784700018714,0.054895652641042,-0.6619794401014341,0.007301051564498784,608,WinPct,table-19,,0.07140714071407141,-0.6655277106418465,0.03009407147491784,9999,opening_day,0.06032325755188335,0,predicted
(8),HCBlackPre,-0.0751924247491349,0.07089271599674969,0.29704264425660704,-0.21977907227606763,0.06939422277779783,608,WinPct,table-19,,0.33363336333633364,-0.24452272179822804,0.08365564322914978,9999,opening_day,0.06032325755188335,0,predicted
(8),OCBlackPre,0.017478510155299592,0.045735368213754325,0.7049456042862647,-0.07579938829254322,0.11075640860314241,608,WinPct,table-19,,,,,,opening_day,0.06032325755188335,0,predicted
(8),DCBlackPre,-0.004101944977931338,0.030199765645048456,0.8928362046632958,-0.06569477308902796,0.057490883133165284,608,WinPct,table-19,,,,,,opening_day,0.06032325755188335,0,predicted
(8),GMBlackPre,-0.004934093008560585,0.0519258152853004,0.9249089558833733,-0.1108374914980269,0.10096930548090573,608,WinPct,table-19,,,,,,opening_day,0.06032325755188335,0,predicted
(8),L1ShareBlackRoster,-0.46124254923737307,0.20261477514143367,0.02987720608672099,-0.8744781075769117,-0.04800699089783439,608,WinPct,table-19,,,,,,roster,0.06032325755188335,0,predicted
(8),LagWinPct,-0.08657698296141175,0.07690012597326099,0.26887542299536354,-0.2434158239134552,0.0702618579906317,608,WinPct,table-19,,,,,,not_staff,0.06032325755188335,0,predicted
(8),LagExpectedWins,0.030379436839094724,0.007230091541561316,2.0784514008610503e-4,0.015633567921403482,0.045125305756785965,608,WinPct,table-19,,,,,,not_staff,0.06032325755188335,0,predicted
(8),ShareCoachesNewToFranchisePre,-0.05376037562229596,0.04137556896282454,0.20341243551123442,-0.13814640487427848,0.030625653629686576,608,WinPct,table-19,,,,,,opening_day,0.06032325755188335,0,predicted
(8),ShareCoachesPromotedPre,-0.030225922978225423,0.10422078301738015,0.7737334694567107,-0.24278561133613466,0.1823337653796838,608,WinPct,table-19,,,,,,opening_day,0.06032325755188335,0,predicted
(9),ShareBlackCoachesPre,-0.3569375208225167,0.22618051669979733,0.12469182118910005,-0.8182357259446407,0.10436068429960732,608,WinPct,table-19,,0.14421442144214422,-0.8339591918818545,0.14782911991917286,9999,opening_day,0.06032325755188335,0,predicted
(9),HCBlackPre,-0.07711512789289453,0.08616258069845659,0.37768633511629934,-0.25284486980361237,0.0986146140178233,608,WinPct,table-19,,0.41234123412341234,-0.27650884001512643,0.13010627744680064,9999,opening_day,0.06032325755188335,0,predicted
(9),OCBlackPre,0.01994208572935123,0.048905094208537864,0.6862442778899092,-0.07980051150624486,0.11968468296494732,608,WinPct,table-19,,,,,,opening_day,0.06032325755188335,0,predicted
(9),DCBlackPre,-0.006589522540938548,0.030111016120698934,0.8282083968947455,-0.06800134480376303,0.054822299721885945,608,WinPct,table-19,,,,,,opening_day,0.06032325755188335,0,predicted
(9),GMBlackPre,-0.001300616044738133,0.05265011677940061,0.9804501932581386,-0.10868123717066683,0.10608000508119056,608,WinPct,table-19,,,,,,opening_day,0.06032325755188335,0,predicted
(9),ShareBlackAltCoachesPre,0.055141915827118713,0.12659190188350702,0.6661537292413229,-0.20304397026918866,0.3133278019234261,608,WinPct,table-19,,0.6662666266626662,-0.2073554498657064,0.31274541456628713,9999,opening_day,0.06032325755188335,0,predicted
(9),HCBlackAltPre,-0.0022175325982935145,0.035979546788698344,0.9512506445891733,-0.0755983020690925,0.07116323687250546,608,WinPct,table-19,,,,,,opening_day,0.06032325755188335,0,predicted
(9),MeanPriorBlackPredCoachesPre,-0.358795302459631,0.4521059800863405,0.4334560828579491,-1.2808715280419491,0.5632809231226873,608,WinPct,table-19,,,,,,opening_day,0.06032325755188335,0,predicted
(9),HCPriorBlackPredPre,0.04486053282372208,0.11664974725637438,0.7031782983806941,-0.193048195224396,0.2827692608718402,608,WinPct,table-19,,,,,,opening_day,0.06032325755188335,0,predicted
(9),L1ShareBlackRoster,-0.423586280054535,0.20244352122212442,0.04468708450762254,-0.8364725637228945,-0.010699996386175636,608,WinPct,table-19,,,,,,roster,0.06032325755188335,0,predicted
(9),LagWinPct,-0.08709037367193961,0.07552622469381257,0.25767742451279985,-0.24112712449052678,0.06694637714664756,608,WinPct,table-19,,,,,,not_staff,0.06032325755188335,0,predicted
(9),LagExpectedWins,0.03074090036270473,0.007026732538632997,1.2762598231422746e-4,0.016409784865931563,0.0450720158594779,608,WinPct,table-19,,,,,,not_staff,0.06032325755188335,0,predicted
(9),ShareCoachesNewToFranchisePre,-0.05195948556997769,0.04145671208650005,0.2194517608641201,-0.13651100731377902,0.032592036173823655,608,WinPct,table-19,,,,,,opening_day,0.06032325755188335,0,predicted
(9),ShareCoachesPromotedPre,-0.04279167473759369,0.10867305123693263,0.6964498073539152,-0.2644318239962436,0.17884847452105623,608,WinPct,table-19,,,,,,opening_day,0.06032325755188335,0,predicted
(1),ShareBlackCoachesPre,-9.405255724923679,5.089249968656968,0.07415375780177622,-19.784849468072064,0.9743380182247066,608,PointDiffPerGame,table-19b,,0.09080908090809081,-19.615252827366078,1.7497760596762155,9999,opening_day,0.06032325755188335,0,predicted
(1),HCBlackPre,-2.372566828849934,2.215399822711269,0.29246255116545633,-6.890904556413785,2.1457708987139177,608,PointDiffPerGame,table-19b,,0.33893389338933894,-7.577804516891147,2.839260120414253,9999,opening_day,0.06032325755188335,0,predicted
(1),OCBlackPre,1.3439325266804587,1.6496455982595846,0.4214705165983992,-2.020541852758611,4.708406906119529,608,PointDiffPerGame,table-19b,,,,,,opening_day,0.06032325755188335,0,predicted
(1),DCBlackPre,0.05562423581272406,0.9524152975284305,0.9538022100825787,-1.8868395700501457,1.998088041675594,608,PointDiffPerGame,table-19b,,,,,,opening_day,0.06032325755188335,0,predicted
(1),GMBlackPre,-1.3782340635244381,1.2476015729720125,0.2777874565569016,-3.9227342473461673,1.166266120297291,608,PointDiffPerGame,table-19b,,,,,,opening_day,0.06032325755188335,0,predicted
(1),MeanPriorBlackPredCoachesPre,-17.54196659058682,14.657195996593,0.2404511079628372,-47.435514912105845,12.351581730932207,608,PointDiffPerGame,table-19b,,,,,,opening_day,0.06032325755188335,0,predicted
(1),HCPriorBlackPredPre,1.9385004792865226,3.89170086182962,0.6219211149395469,-5.998675757767477,9.875676716340521,608,PointDiffPerGame,table-19b,,,,,,opening_day,0.06032325755188335,0,predicted
(1),L1ShareBlackRoster,-15.6493181237253,5.874245697553739,0.01214010600554126,-27.629921211322397,-3.6687150361281997,608,PointDiffPerGame,table-19b,,,,,,roster,0.06032325755188335,0,predicted
(1),LagWinPct,-0.6372739705737634,2.151134889533238,0.7690147304196803,-5.024542502789254,3.7499945616417274,608,PointDiffPerGame,table-19b,,,,,,not_staff,0.06032325755188335,0,predicted
(1),LagExpectedWins,0.745899252730765,0.2135214250534075,0.0014589132438684643,0.3104194352406175,1.1813790702209124,608,PointDiffPerGame,table-19b,,,,,,not_staff,0.06032325755188335,0,predicted
(1),ShareCoachesNewToFranchisePre,-1.9847640990714042,1.1440122228085654,0.09268961586310086,-4.317992410331318,0.34846421218850887,608,PointDiffPerGame,table-19b,,,,,,opening_day,0.06032325755188335,0,predicted
(1),ShareCoachesPromotedPre,-2.5267869578889335,3.3915375285924796,0.461866845420579,-9.443873351411339,4.390299435633471,608,PointDiffPerGame,table-19b,,,,,,opening_day,0.06032325755188335,0,predicted
(2),ShareBlackCoachesPre,-3.8185287055557215,7.418537558578796,0.610393842054038,-18.94873580887396,11.311678397762515,581,PointDiffPerGame,table-19b,,0.6207620762076208,-19.765480231339957,12.944695646412825,9999,opening_day,0.06032325755188335,0,predicted
(2),OCBlackPre,2.5382455323260626,2.1654858623032665,0.25007171448729226,-1.87829200182277,6.954783066474896,581,PointDiffPerGame,table-19b,,,,,,opening_day,0.06032325755188335,0,predicted
(2),DCBlackPre,1.6856598184547265,1.5505155605048722,0.2853467473860342,-1.4766375160418241,4.8479571529512775,581,PointDiffPerGame,table-19b,,,,,,opening_day,0.06032325755188335,0,predicted
(2),GMBlackPre,-5.774417979870176,2.7462508091075892,0.043713062993372374,-11.37543343222212,-0.17340252751823204,581,PointDiffPerGame,table-19b,,,,,,opening_day,0.06032325755188335,0,predicted
(2),MeanPriorBlackPredCoachesPre,-49.969383863580696,25.46255335471694,0.05873765923696205,-101.90060381011186,1.9618360829504695,581,PointDiffPerGame,table-19b,,,,,,opening_day,0.06032325755188335,0,predicted
(2),L1ShareBlackRoster,-18.468343265182888,6.28922682940852,0.006207892790038802,-31.295305951198614,-5.641380579167162,581,PointDiffPerGame,table-19b,,,,,,roster,0.06032325755188335,0,predicted
(2),LagWinPct,-4.087367332165631,2.081468929742446,0.058588557921915356,-8.332551202631691,0.15781653830042774,581,PointDiffPerGame,table-19b,,,,,,not_staff,0.06032325755188335,0,predicted
(2),LagExpectedWins,0.09531032301871967,0.2961430542392389,0.7497350595143976,-0.5086774181591089,0.6992980641965483,581,PointDiffPerGame,table-19b,,,,,,not_staff,0.06032325755188335,0,predicted
(2),ShareCoachesNewToFranchisePre,-2.434049859783532,1.1414221134445637,0.04099542870706741,-4.7619956081679256,-0.10610411139913767,581,PointDiffPerGame,table-19b,,,,,,opening_day,0.06032325755188335,0,predicted
(2),ShareCoachesPromotedPre,0.7931805785587802,3.166797649587309,0.8038782631579523,-5.665545809791078,7.251906966908638,581,PointDiffPerGame,table-19b,,,,,,opening_day,0.06032325755188335,0,predicted
(3),ShareBlackCoachesPre,-0.030172491034429122,0.07466803390002952,0.6889219865893412,-0.18245895018952216,0.12211396812066391,608,OffEPAPerPlay,table-19b,,0.6818681868186819,-0.1804505248093281,0.1321721989076954,9999,opening_day,0.06032325755188335,0,predicted
(3),HCBlackPre,-0.05781243933702047,0.02268362740616154,0.01598544334536829,-0.10407600244493301,-0.011548876229107927,608,OffEPAPerPlay,table-19b,,0.025002500250025,-0.10708942492580739,-0.00849685695568121,9999,opening_day,0.06032325755188335,0,predicted
(3),OCBlackPre,0.007213234348729991,0.019192576201850955,0.7095995885056283,-0.03193028288593274,0.04635675158339272,608,OffEPAPerPlay,table-19b,,,,,,opening_day,0.06032325755188335,0,predicted
(3),DCBlackPre,-0.0069847654452071155,0.013395487175256958,0.605775031131935,-0.03430504166017432,0.02033551076976009,608,OffEPAPerPlay,table-19b,,,,,,opening_day,0.06032325755188335,0,predicted
(3),GMBlackPre,-0.03194137871913838,0.026262290870850892,0.233071736041765,-0.08550367408341242,0.02162091664513565,608,OffEPAPerPlay,table-19b,,,,,,opening_day,0.06032325755188335,0,predicted
(3),MeanPriorBlackPredCoachesPre,-0.3379571876209852,0.2445115870112973,0.17679745696592164,-0.8366418571302514,0.160727481888281,608,OffEPAPerPlay,table-19b,,,,,,opening_day,0.06032325755188335,0,predicted
(3),HCPriorBlackPredPre,-0.005334322372987221,0.06307684038042732,0.9331481310454952,-0.1339803864850687,0.12331174173909423,608,OffEPAPerPlay,table-19b,,,,,,opening_day,0.06032325755188335,0,predicted
(3),L1ShareBlackRoster,-0.12886239543785682,0.09114299814196292,0.16737090388973458,-0.31474976569327306,0.05702497481755939,608,OffEPAPerPlay,table-19b,,,,,,roster,0.06032325755188335,0,predicted
(3),LagWinPct,-0.014264425814751257,0.03179655385314354,0.6568293216954055,-0.07911392494730504,0.05058507331780252,608,OffEPAPerPlay,table-19b,,,,,,not_staff,0.06032325755188335,0,predicted
(3),LagExpectedWins,0.012513944342785894,0.003588117957371266,0.0014814174019107545,0.0051959295214707825,0.019831959164101007,608,OffEPAPerPlay,table-19b,,,,,,not_staff,0.06032325755188335,0,predicted
(3),ShareCoachesNewToFranchisePre,-0.009710719320563228,0.019243950545875594,0.6174000075390109,-0.048959015220664,0.029537576579537546,608,OffEPAPerPlay,table-19b,,,,,,opening_day,0.06032325755188335,0,predicted
(3),ShareCoachesPromotedPre,-0.010019768509384634,0.056127669397604545,0.8594781721790337,-0.12449290496069129,0.10445336794192203,608,OffEPAPerPlay,table-19b,,,,,,opening_day,0.06032325755188335,0,predicted
(4),ShareBlackCoachesPre,-0.0015762170524887963,0.12802250306417762,0.9902555647348783,-0.2626798334932044,0.25952739938822683,581,OffEPAPerPlay,table-19b,,0.991899189918992,,,9999,opening_day,0.06032325755188335,0,predicted
(4),OCBlackPre,0.02386785148430529,0.031677207954483894,0.4568518569435598,-0.04073824008315988,0.08847394305177045,581,OffEPAPerPlay,table-19b,,,,,,opening_day,0.06032325755188335,0,predicted
(4),DCBlackPre,-0.0035314091200109804,0.027653752733431656,0.8992104848039987,-0.05993160966316627,0.05286879142314431,581,OffEPAPerPlay,table-19b,,,,,,opening_day,0.06032325755188335,0,predicted
(4),GMBlackPre,-0.11164446327080071,0.06456696560154024,0.09373468701197593,-0.24332965780815638,0.02004073126655495,581,OffEPAPerPlay,table-19b,,,,,,opening_day,0.06032325755188335,0,predicted
(4),MeanPriorBlackPredCoachesPre,-0.6848936885078125,0.30310777263773836,0.031022823176406495,-1.3030860665097452,-0.0667013105058798,581,OffEPAPerPlay,table-19b,,,,,,opening_day,0.06032325755188335,0,predicted
(4),L1ShareBlackRoster,-0.10495193712412047,0.10794460364386628,0.33843915939743985,-0.32510640772171645,0.11520253347347552,581,OffEPAPerPlay,table-19b,,,,,,roster,0.06032325755188335,0,predicted
(4),LagWinPct,-0.021890135095854097,0.03493099216859202,0.5354649314541977,-0.09313236331966515,0.049352093127956964,581,OffEPAPerPlay,table-19b,,,,,,not_staff,0.06032325755188335,0,predicted
(4),LagExpectedWins,0.0015726867020262002,0.004407392450144858,0.7236371512493531,-0.007416249463590248,0.010561622867642648,581,OffEPAPerPlay,table-19b,,,,,,not_staff,0.06032325755188335,0,predicted
(4),ShareCoachesNewToFranchisePre,-0.007442511212750843,0.015818926553786656,0.6413046238586853,-0.03970542462675592,0.024820402201254234,581,OffEPAPerPlay,table-19b,,,,,,opening_day,0.06032325755188335,0,predicted
(4),ShareCoachesPromotedPre,0.0019283334022498272,0.06044308277274805,0.9747536982825795,-0.12134614665442092,0.12520281345892056,581,OffEPAPerPlay,table-19b,,,,,,opening_day,0.06032325755188335,0,predicted
(5),ShareBlackCoachesPre,-0.13657470899906515,0.06851299849393606,0.05507958860771674,-0.27630789068038464,0.003158472682254304,608,NegDefEPAPerPlay,table-19b,,0.066006600660066,-0.27403045304692797,0.010251419713349873,9999,opening_day,0.06032325755188335,0,predicted
(5),HCBlackPre,0.008601564432803454,0.027902724975858707,0.759939112471269,-0.048306418346561276,0.06550954721216819,608,NegDefEPAPerPlay,table-19b,,0.7872787278727873,-0.05859945218815287,0.07323837933385313,9999,opening_day,0.06032325755188335,0,predicted
(5),OCBlackPre,0.01432629669636937,0.019044452914041096,0.45757160433333244,-0.024515121101080704,0.05316771449381945,608,NegDefEPAPerPlay,table-19b,,,,,,opening_day,0.06032325755188335,0,predicted
(5),DCBlackPre,0.009437800592851386,0.011809341110338465,0.43026655572305705,-0.014647509394765803,0.03352311058046857,608,NegDefEPAPerPlay,table-19b,,,,,,opening_day,0.06032325755188335,0,predicted
(5),GMBlackPre,0.0031484188081626657,0.01395312281889476,0.8229604348914795,-0.02530916280019375,0.031606000416519085,608,NegDefEPAPerPlay,table-19b,,,,,,opening_day,0.06032325755188335,0,predicted
(5),MeanPriorBlackPredCoachesPre,0.010641462700277321,0.22921797694532003,0.963269238254165,-0.45685168343548477,0.4781346088360394,608,NegDefEPAPerPlay,table-19b,,,,,,opening_day,0.06032325755188335,0,predicted
(5),HCPriorBlackPredPre,0.019743293642745154,0.03796430068572679,0.6067237055733183,-0.057685408088831006,0.09717199537432132,608,NegDefEPAPerPlay,table-19b,,,,,,opening_day,0.06032325755188335,0,predicted
(5),L1ShareBlackRoster,-0.15324790380664022,0.07358214734512007,0.045622048625783174,-0.3033196827317344,-0.0031761248815460608,608,NegDefEPAPerPlay,table-19b,,,,,,roster,0.06032325755188335,0,predicted
(5),LagWinPct,-0.007068670123121185,0.025489307940048046,0.7833761319064292,-0.05905445640618791,0.044917116159945536,608,NegDefEPAPerPlay,table-19b,,,,,,not_staff,0.06032325755188335,0,predicted
(5),LagExpectedWins,0.0042998135975512,0.0024544370621417647,0.0896877350145383,-7.060437940206252e-4,0.009305670989123025,608,NegDefEPAPerPlay,table-19b,,,,,,not_staff,0.06032325755188335,0,predicted
(5),ShareCoachesNewToFranchisePre,-0.024975277253226652,0.012078879647451033,0.04710309437198159,-0.04961031471160694,-3.4023979484636493e-4,608,NegDefEPAPerPlay,table-19b,,,,,,opening_day,0.06032325755188335,0,predicted
(5),ShareCoachesPromotedPre,-0.05115420288182404,0.047212531073168425,0.2869474826875968,-0.14744479484395928,0.0451363890803112,608,NegDefEPAPerPlay,table-19b,,,,,,opening_day,0.06032325755188335,0,predicted
(6),ShareBlackCoachesPre,-0.05476154538831664,0.09953107022083477,0.586128224872033,-0.25775650143793427,0.14823341066130097,581,NegDefEPAPerPlay,table-19b,,0.5951595159515951,-0.2731973768926895,0.1636663122628192,9999,opening_day,0.06032325755188335,0,predicted
(6),OCBlackPre,0.0015318045086953943,0.03146451209989694,0.9614837868732338,-0.0626404910033469,0.06570410002073768,581,NegDefEPAPerPlay,table-19b,,,,,,opening_day,0.06032325755188335,0,predicted
(6),DCBlackPre,0.029658114130749126,0.02178913544896741,0.18328173377422902,-0.014781120602772542,0.0740973488642708,581,NegDefEPAPerPlay,table-19b,,,,,,opening_day,0.06032325755188335,0,predicted
(6),GMBlackPre,0.009681083212708663,0.018068515569673847,0.5959215422081996,-0.027169897248064005,0.04653206367348133,581,NegDefEPAPerPlay,table-19b,,,,,,opening_day,0.06032325755188335,0,predicted
(6),MeanPriorBlackPredCoachesPre,-0.09106139174669423,0.35652514283783193,0.8000906925361927,-0.8181992145428526,0.6360764310494641,581,NegDefEPAPerPlay,table-19b,,,,,,opening_day,0.06032325755188335,0,predicted
(6),L1ShareBlackRoster,-0.2922882204037951,0.08508745550548477,0.0017042039555233578,-0.46582523002688736,-0.1187512107807028,581,NegDefEPAPerPlay,table-19b,,,,,,roster,0.06032325755188335,0,predicted
(6),LagWinPct,-0.04100410183435024,0.02804779442345666,0.1538227396956008,-0.09820795570275229,0.016199752034051808,581,NegDefEPAPerPlay,table-19b,,,,,,not_staff,0.06032325755188335,0,predicted
(6),LagExpectedWins,0.001473594755138487,0.00369781146289594,0.6929898969915426,-0.0060681414456765555,0.00901533095595353,581,NegDefEPAPerPlay,table-19b,,,,,,not_staff,0.06032325755188335,0,predicted
(6),ShareCoachesNewToFranchisePre,-0.0386174291536134,0.013529468113341415,0.007622455720274629,-0.06621096129336466,-0.011023897013862142,581,NegDefEPAPerPlay,table-19b,,,,,,opening_day,0.06032325755188335,0,predicted
(6),ShareCoachesPromotedPre,-0.0024740445333480228,0.04665827807921008,0.9580524048292471,-0.09763423006159977,0.09268614099490372,581,NegDefEPAPerPlay,table-19b,,,,,,opening_day,0.06032325755188335,0,predicted
(1),ShareBlackCoachesPre,-0.30516648397184726,0.1685504811045126,0.07991553193889954,-0.6489274565810844,0.0385944886373899,608,WinPct,table-19c,,0.09520952095209521,-0.6566026354904964,0.06091902189095867,9999,opening_day,0.06032325755188335,0,predicted
(1),HCBlackPre,-0.0785756853162896,0.07634882979711881,0.31136473058671676,-0.23429015030414418,0.07713877967156497,608,WinPct,table-19c,,0.34723472347234724,-0.2536167008118967,0.0999130861211659,9999,opening_day,0.06032325755188335,0,predicted
(1),OCBlackPre,0.019936636731053434,0.04891744851979168,0.6864000401630468,-0.07983115728846576,0.11970443075057263,608,WinPct,table-19c,,,,,,opening_day,0.06032325755188335,0,predicted
(1),DCBlackPre,-0.005813439654448119,0.029686913617210996,0.8460251455799318,-0.06636029915875859,0.054733419849862346,608,WinPct,table-19c,,,,,,opening_day,0.06032325755188335,0,predicted
(1),GMBlackPre,6.362651806317642e-6,0.05281863068877516,0.9999046568905754,-0.10771794485819661,0.10773067016180923,608,WinPct,table-19c,,,,,,opening_day,0.06032325755188335,0,predicted
(1),LagMeanLogPickRoster,-0.23485819836578836,0.048886763250070506,3.762717993513352e-5,-0.3345634093651049,-0.1351529873664718,608,WinPct,table-19c,,,,,,roster,0.06032325755188335,0,predicted
(1),L1ShareBlackRoster,-0.4251506637410339,0.20251990185917715,0.0440283387772936,-0.8381927267457066,-0.012108600736361164,608,WinPct,table-19c,,,,,,roster,0.06032325755188335,0,predicted
(1),ShareCoachesNewToFranchisePre,-0.05117065526387567,0.04144604253964851,0.22624412154984647,-0.13570041632340635,0.033359105795655,608,WinPct,table-19c,,,,,,opening_day,0.06032325755188335,0,predicted
(1),ShareCoachesPromotedPre,-0.040088385192057374,0.10906993227836095,0.7157081563054914,-0.26253797867132017,0.18236120828720542,608,WinPct,table-19c,,,,,,opening_day,0.06032325755188335,0,predicted
(2),ShareBlackCoachesPre,-0.3237468398461389,0.1641841629748855,0.05760643656277729,-0.6586026479187572,0.011108968226479388,608,WinPct,table-19c,,0.0712071207120712,-0.6675328068064874,0.030143811209627294,9999,opening_day,0.06032325755188335,0,predicted
(2),HCBlackPre,-0.07706541433751975,0.07560210744459041,0.3159240986856741,-0.2312569290466679,0.07712610037162838,608,WinPct,table-19c,,0.35253525352535253,-0.2505491237029184,0.09958129578727792,9999,opening_day,0.06032325755188335,0,predicted
(2),OCBlackPre,0.021606396946487166,0.05044075790265519,0.6713565560840999,-0.08126820704240398,0.12448100093537831,608,WinPct,table-19c,,,,,,opening_day,0.06032325755188335,0,predicted
(2),DCBlackPre,-0.007213713148590831,0.0298301141536559,0.8105071773617895,-0.06805263207251185,0.053625205775330184,608,WinPct,table-19c,,,,,,opening_day,0.06032325755188335,0,predicted
(2),GMBlackPre,-0.0028289259340519755,0.05232969216763205,0.9572345168468954,-0.10955603675572234,0.1038981848876184,608,WinPct,table-19c,,,,,,opening_day,0.06032325755188335,0,predicted
(2),LagMeanLogPickRoster,-0.22240219066136546,0.04713748983525668,4.810120953573902e-5,-0.3185397350097455,-0.12626464631298545,608,WinPct,table-19c,,,,,,roster,0.06032325755188335,0,predicted
(2),L1ShareBlackRoster,-0.4371382652754852,0.2021032100186357,0.03837396909377573,-0.84933047966837,-0.024946050882600435,608,WinPct,table-19c,,,,,,roster,0.06032325755188335,0,predicted
(3),ShareBlackCoachesPre,-0.3041210851210658,0.16786821631742543,0.07973645803815234,-0.6464905695230359,0.038248399280904344,608,WinPct,table-19c,,0.09200920092009202,-0.6441097992569672,0.054535720987247654,9999,opening_day,0.06032325755188335,0,predicted
(3),HCBlackPre,-0.05916917721807693,0.06920739161529771,0.3991357696915113,-0.20031858300749864,0.08198022857134477,608,WinPct,table-19c,,0.42544254425442546,-0.22499902107677486,0.09886612491232588,9999,opening_day,0.06032325755188335,0,predicted
(3),OCBlackPre,0.0013369377416817022,0.050896977985828956,0.979212324481765,-0.10246813324135844,0.10514200872472183,608,WinPct,table-19c,,,,,,opening_day,0.06032325755188335,0,predicted
(3),DCBlackPre,-0.010455374400836114,0.029491056935555683,0.7253444452091666,-0.07060278156934398,0.04969203276767176,608,WinPct,table-19c,,,,,,opening_day,0.06032325755188335,0,predicted
(3),GMBlackPre,-0.011675566212441691,0.0526642123850143,0.826002738180806,-0.1190849355155546,0.09573380309067123,608,WinPct,table-19c,,,,,,opening_day,0.06032325755188335,0,predicted
(3),MeanLogPickWeek1,-0.20917378028660874,0.05348461199985452,4.676522518974373e-4,-0.3182563656356067,-0.10009119493761076,608,WinPct,table-19c,,,,,,roster,0.06032325755188335,0,predicted
(3),ShareBlackWeek1,-0.3833476002349672,0.18564425724110692,0.047376583957149034,-0.7619715591244786,-0.004723641345455887,608,WinPct,table-19c,,,,,,roster,0.06032325755188335,0,predicted
(3),ShareCoachesNewToFranchisePre,-0.04103567959297434,0.03753985357034423,0.28276186764814953,-0.11759871572544361,0.03552735653949493,608,WinPct,table-19c,,,,,,opening_day,0.06032325755188335,0,predicted
(3),ShareCoachesPromotedPre,-0.01856435926977151,0.11032370946360585,0.867462599555036,-0.24357104817712633,0.2064423296375833,608,WinPct,table-19c,,,,,,opening_day,0.06032325755188335,0,predicted
(4),ShareBlackCoachesPre,-0.31832394609753106,0.16356929455526187,0.06075498731844465,-0.6519257217605625,0.015277829565500334,608,WinPct,table-19c,,0.07160716071607161,-0.6522702388914406,0.03233502469897864,9999,opening_day,0.06032325755188335,0,predicted
(4),HCBlackPre,-0.056878215167415674,0.06812922544063656,0.4101857963379374,-0.1958286865461662,0.08207225621133485,608,WinPct,table-19c,,0.4383438343834383,-0.22015944200684384,0.09936910731403298,9999,opening_day,0.06032325755188335,0,predicted
(4),OCBlackPre,7.76118046995547e-4,0.052397526092045066,0.988276996348614,-0.106089340975637,0.10764157706962811,608,WinPct,table-19c,,,,,,opening_day,0.06032325755188335,0,predicted
(4),DCBlackPre,-0.011827150937113045,0.02949255012764397,0.6911550287081134,-0.07197760349096304,0.04832330161673694,608,WinPct,table-19c,,,,,,opening_day,0.06032325755188335,0,predicted
(4),GMBlackPre,-0.014239032847852022,0.05166494058738145,0.784681559216638,-0.11961037388308803,0.09113230818738398,608,WinPct,table-19c,,,,,,opening_day,0.06032325755188335,0,predicted
(4),MeanLogPickWeek1,-0.20884378712927892,0.053636237026935,4.904301439793767e-4,-0.3182356137598178,-0.09945196049874008,608,WinPct,table-19c,,,,,,roster,0.06032325755188335,0,predicted
(4),ShareBlackWeek1,-0.39369562572738376,0.18203376970842694,0.03838935472954657,-0.7649559467459477,-0.022435304708819825,608,WinPct,table-19c,,,,,,roster,0.06032325755188335,0,predicted
(5),ShareBlackCoachesPre,-0.2184777835994644,0.16209075830478845,0.18746720218056254,-0.5490640646986706,0.11210849749974189,608,WinPct,table-19c,,0.19801980198019803,-0.5547118767571273,0.1284412512660304,9999,opening_day,0.06032325755188335,0,predicted
(5),HCBlackPre,-0.033069981876671976,0.06568499358887721,0.6181975660677035,-0.16703540952764892,0.10089544577430495,608,WinPct,table-19c,,0.6358635863586358,-0.1920307853159239,0.11333949778741116,9999,opening_day,0.06032325755188335,0,predicted
(5),OCBlackPre,-0.037685742868943536,0.04638682377265496,0.42274402263778443,-0.1322922936888939,0.05692080795100682,608,WinPct,table-19c,,,,,,opening_day,0.06032325755188335,0,predicted
(5),DCBlackPre,-0.019058650681417887,0.025935237158710746,0.46795055235913696,-0.07195391560208823,0.03383661423925245,608,WinPct,table-19c,,,,,,opening_day,0.06032325755188335,0,predicted
(5),GMBlackPre,0.013129412994525696,0.054043250850587726,0.8096501236514475,-0.0970925238022221,0.12335134979127348,608,WinPct,table-19c,,,,,,opening_day,0.06032325755188335,0,predicted
(5),MeanLogPickRoster,-0.315407871169966,0.06746642938977279,5.439924674102195e-5,-0.45300656109076143,-0.17780918124917056,608,WinPct,table-19c,,,,,,roster,0.06032325755188335,0,predicted
(5),ShareBlackRoster,-0.44452709200811785,0.23081675246250408,0.0633324802618337,-0.9152809623089462,0.026226778292710473,608,WinPct,table-19c,,,,,,roster,0.06032325755188335,0,predicted
(5),ShareCoachesNewToFranchisePre,-0.0281421327944566,0.03512469155510594,0.42911064620785366,-0.09977941352162152,0.043495147932708325,608,WinPct,table-19c,,,,,,opening_day,0.06032325755188335,0,predicted
(5),ShareCoachesPromotedPre,-0.05084377431795794,0.10893109134910801,0.6439413359002114,-0.27301019985509917,0.1713226512191833,608,WinPct,table-19c,,,,,,opening_day,0.06032325755188335,0,predicted
(6),ShareBlackCoachesPre,-0.22421409368022593,0.15859854576419422,0.16740805297804295,-0.5476779603452162,0.09924977298476428,608,WinPct,table-19c,,0.1771177117711771,-0.5541872644223946,0.11360571952320322,9999,opening_day,0.06032325755188335,0,predicted
(6),HCBlackPre,-0.031546581280543995,0.06404859828525866,0.6258072566091029,-0.16217455870617098,0.09908139614508299,608,WinPct,table-19c,,0.6418641864186418,-0.18587189055646522,0.11212445410464732,9999,opening_day,0.06032325755188335,0,predicted
(6),OCBlackPre,-0.03736557230421143,0.047900012515773374,0.44126280974500154,-0.13505829191268748,0.06032714730426462,608,WinPct,table-19c,,,,,,opening_day,0.06032325755188335,0,predicted
(6),DCBlackPre,-0.02002410639906204,0.02612702596225112,0.44922749439970033,-0.07331052716342126,0.033262314365297176,608,WinPct,table-19c,,,,,,opening_day,0.06032325755188335,0,predicted
(6),GMBlackPre,0.012152830358608464,0.05394314540604127,0.8232325811526787,-0.09786494003792934,0.12217060075514627,608,WinPct,table-19c,,,,,,opening_day,0.06032325755188335,0,predicted
(6),MeanLogPickRoster,-0.31466177822883734,0.06712581262886214,5.247778026767386e-5,-0.4515657756856875,-0.17775778077198717,608,WinPct,table-19c,,,,,,roster,0.06032325755188335,0,predicted
(6),ShareBlackRoster,-0.44676999207516266,0.2294086314424925,0.06058311040505136,-0.9146519806215239,0.021111996471198602,608,WinPct,table-19c,,,,,,roster,0.06032325755188335,0,predicted
(1),ShareBlackCoaches,-0.3199153945507699,0.15840921048953058,0.05214682281277538,-0.6429931093772064,0.0031623202756666524,607,WinPct,table-19d,,0.06430643064306431,-0.6515441143898156,0.01912348392191468,9999,union,0.06032325755188335,0,predicted
(1),HCBlack,-0.05794235676866593,0.07411033941308393,0.4402401768627109,-0.2090913905186523,0.09320667698132043,607,WinPct,table-19d,,0.47314731473147315,-0.2292247306586407,0.11622863025559897,9999,union,0.06032325755188335,0,predicted
(1),OCBlack,0.004813404287876904,0.04507862097794794,0.9156531474286644,-0.08712504934165512,0.09675185791740894,607,WinPct,table-19d,,,,,,union,0.06032325755188335,0,predicted
(1),DCBlack,-0.0034078060032474485,0.03135738406450748,0.9141596071404445,-0.0673616124466269,0.06054600044013201,607,WinPct,table-19d,,,,,,union,0.06032325755188335,0,predicted
(1),GMBlack,-0.0010734138186334985,0.05032534494911603,0.9831195226484666,-0.10371263153689321,0.1015658038996262,607,WinPct,table-19d,,,,,,union,0.06032325755188335,0,predicted
(1),ShareCoachesNewToFranchise,-0.06072314384367824,0.03678727145684264,0.10890560419207682,-0.13575127863614359,0.014304990948787115,607,WinPct,table-19d,,,,,,union,0.06032325755188335,0,predicted
(1),ShareCoachesPromoted,-0.2566133002008578,0.10381769286494394,0.019139604551387766,-0.46835088077276343,-0.044875719628952204,607,WinPct,table-19d,,,,,,union,0.06032325755188335,0,predicted
(2),ShareBlackCoaches,-0.17711755042036853,0.19841313449817052,0.37891112291489915,-0.5817838061710463,0.2275487053303093,579,WinPct,table-19d,,0.38393839383938394,-0.5939793374863784,0.24493572623078733,9999,union,0.06032325755188335,0,predicted
(2),OCBlack,0.09135795619035239,0.05776004573651787,0.12387296615197059,-0.026444433753747332,0.2091603461344521,579,WinPct,table-19d,,,,,,union,0.06032325755188335,0,predicted
(2),DCBlack,0.07325103201471911,0.03928882040962376,0.07175547723516786,-0.006879045503762185,0.1533811095332004,579,WinPct,table-19d,,,,,,union,0.06032325755188335,0,predicted
(2),GMBlack,-0.17131216711115801,0.05853101649411193,0.006360036363890595,-0.29068696228214924,-0.051937371940166774,579,WinPct,table-19d,,,,,,union,0.06032325755188335,0,predicted
(2),ShareCoachesNewToFranchise,-0.06914739779808897,0.03540384950646667,0.059885130911998784,-0.14135402492072258,0.003059229324544638,579,WinPct,table-19d,,,,,,union,0.06032325755188335,0,predicted
(2),ShareCoachesPromoted,-0.16855725906433933,0.08595967375796426,0.05892971921543031,-0.3438731695415559,0.0067586514128772646,579,WinPct,table-19d,,,,,,union,0.06032325755188335,0,predicted
(3),ShareBlackCoachesPre,-0.31061591425527685,0.16554888966160622,0.07005966725629349,-0.648255100756118,0.027023272245564334,607,WinPct,table-19d,,0.08420842084208421,-0.6535308146765628,0.04394666460039883,9999,opening_day,0.06032325755188335,0,predicted
(3),HCBlackPre,-0.07350300419599824,0.07756945291786008,0.35067362475817077,-0.23170694645158696,0.08470093805959049,607,WinPct,table-19d,,0.38453845384538454,-0.25414342241534915,0.10774514880582256,9999,opening_day,0.06032325755188335,0,predicted
(3),OCBlackPre,0.016998207192191573,0.048388958056062095,0.7277525893334963,-0.08169172342025888,0.11568813780464202,607,WinPct,table-19d,,,,,,opening_day,0.06032325755188335,0,predicted
(3),DCBlackPre,-0.008361235551734606,0.029773140985411232,0.7807055007669491,-0.06908395693293683,0.05236148582946761,607,WinPct,table-19d,,,,,,opening_day,0.06032325755188335,0,predicted
(3),GMBlackPre,-0.002414970137474352,0.05225112581188167,0.9634325374745507,-0.10898184382015745,0.10415190354520874,607,WinPct,table-19d,,,,,,opening_day,0.06032325755188335,0,predicted
(3),ShareCoachesNewToFranchise,-0.06622251193260653,0.03770368858056039,0.08889718657652197,-0.14311969177140216,0.010674667906189095,607,WinPct,table-19d,,,,,,union,0.06032325755188335,0,predicted
(3),ShareCoachesPromoted,-0.24764361943631835,0.10175013557659097,0.020897552491206287,-0.4551643891174332,-0.0401228497552035,607,WinPct,table-19d,,,,,,union,0.06032325755188335,0,predicted
Coord.,ShareBlackCoordinatorsPre,-0.055269066777660344,0.07502679469595516,0.46686922240903905,-0.2082872234000836,0.09774908984476292,608,WinPct,table-20,,0.47704770477047703,-0.22061610321477168,0.10364870124836233,9999,opening_day,0.06032325755188335,0,predicted
Coord.,HCBlackPre,-0.09804256856614033,0.07166392737014292,0.181119965485043,-0.2442021120591224,0.04811697492684175,608,WinPct,table-20,,,,,,opening_day,0.06032325755188335,0,predicted
Coord.,GMBlackPre,-0.015193778392519884,0.0452447052645492,0.7392738924227964,-0.10747096315781034,0.07708340637277057,608,WinPct,table-20,,,,,,opening_day,0.06032325755188335,0,predicted
Position,ShareBlackPositionCoachesPre,0.06654331115285311,0.09224569659611354,0.4760875095349357,-0.12159302742712383,0.2546796497328301,608,WinPct,table-20,,0.47914791479147917,-0.1258562394476504,0.26129323623362816,9999,opening_day,0.06032325755188335,0,predicted
Position,HCBlackPre,-0.1018863227958016,0.07147818719380461,0.1640281905587176,-0.24766704670160566,0.04389440111000244,608,WinPct,table-20,,,,,,opening_day,0.06032325755188335,0,predicted
Position,OCBlackPre,-0.0066147460647634675,0.04786858569568728,0.8909875087890822,-0.10424337025109642,0.0910138781215695,608,WinPct,table-20,,,,,,opening_day,0.06032325755188335,0,predicted
Position,DCBlackPre,-0.0202274078204852,0.029624077217819112,0.4998025966087446,-0.08064611164331277,0.04019129600234238,608,WinPct,table-20,,,,,,opening_day,0.06032325755188335,0,predicted
Position,GMBlackPre,-0.01858070094530746,0.0477200458549733,0.6996653319020769,-0.1159063761291787,0.07874497423856378,608,WinPct,table-20,,,,,,opening_day,0.06032325755188335,0,predicted
Assistants,ShareBlackAssistantsPre,-0.16278455600077382,0.08623113068345811,0.06844891056581043,-0.33865410652765254,0.013084994526104898,608,WinPct,table-20,,0.0929092909290929,-0.3458947110425086,0.02768052058171508,9999,opening_day,0.06032325755188335,0,predicted
Assistants,HCBlackPre,-0.08421646204487486,0.07562100195824326,0.27398369776402004,-0.23844651236868109,0.07001358827893138,608,WinPct,table-20,,,,,,opening_day,0.06032325755188335,0,predicted
Assistants,OCBlackPre,0.0011851153262939277,0.04750079349519492,0.9802552546837505,-0.09569339172165515,0.098063622374243,608,WinPct,table-20,,,,,,opening_day,0.06032325755188335,0,predicted
Assistants,DCBlackPre,-0.02510899021921821,0.02955460926020777,0.40207265636270006,-0.08538601320840376,0.03516803276996734,608,WinPct,table-20,,,,,,opening_day,0.06032325755188335,0,predicted
Assistants,GMBlackPre,-0.005778039079897342,0.049935211685168734,0.9086281253233991,-0.10762157476045002,0.09606549660065535,608,WinPct,table-20,,,,,,opening_day,0.06032325755188335,0,predicted
Front office,ShareBlackFrontOfficePre,0.11432771572947029,0.16913745201784164,0.5040871043370488,-0.23063039195014504,0.45928582340908564,608,WinPct,table-20,,0.547954795479548,-0.2361484500348912,0.46596140268948394,9999,opening_day,0.06032325755188335,0,predicted
Front office,HCBlackPre,-0.10484303052927726,0.0719655532235488,0.15521315138762928,-0.2516177440060614,0.041931682947506904,608,WinPct,table-20,,,,,,opening_day,0.06032325755188335,0,predicted
Front office,OCBlackPre,-0.0010815634554509706,0.04570820478747982,0.9812735997947333,-0.09430406173015675,0.0921409348192548,608,WinPct,table-20,,,,,,opening_day,0.06032325755188335,0,predicted
Front office,DCBlackPre,-0.022682773795476334,0.02876347685012121,0.436337473231727,-0.08134627159641034,0.035980724005457675,608,WinPct,table-20,,,,,,opening_day,0.06032325755188335,0,predicted
Personnel,ShareBlackPersonnelPre,0.05470471178816355,0.09575872731961996,0.5719310890333494,-0.14059650019000844,0.25000592376633557,595,WinPct,table-20,,0.6212621262126212,-0.1667524755903922,0.2774571179616245,9999,opening_day,0.06032325755188335,0,predicted
Personnel,HCBlackPre,-0.10205497230003137,0.07218993372935964,0.16741391368738617,-0.24928731283552596,0.045177368235463214,595,WinPct,table-20,,,,,,opening_day,0.06032325755188335,0,predicted
Personnel,OCBlackPre,-0.005111530751972262,0.04788300436083618,0.915674837295402,-0.10276956199975551,0.09254650049581098,595,WinPct,table-20,,,,,,opening_day,0.06032325755188335,0,predicted
Personnel,DCBlackPre,-0.009289002816833543,0.030437336005065378,0.7622654104094431,-0.07136635887164991,0.05278835323798283,595,WinPct,table-20,,,,,,opening_day,0.06032325755188335,0,predicted
Personnel,GMBlackPre,-0.01842836390921167,0.04949346270483884,0.7121736527751493,-0.11937094660444963,0.0825142187860263,595,WinPct,table-20,,,,,,opening_day,0.06032325755188335,0,predicted
Coaching jointly,ShareBlackCoordinatorsPre,-0.06447825502465299,0.06923345856193204,0.35888663161282086,-0.20568082470224192,0.07672431465293594,608,WinPct,table-20,,0.36953695369536954,-0.21742791203653042,0.08335960751918092,9999,opening_day,0.06032325755188335,0,predicted
Coaching jointly,ShareBlackPositionCoachesPre,0.03293893512780385,0.09160152300272512,0.721592308083651,-0.15388360274664392,0.21976147300225163,608,WinPct,table-20,,0.7325732573257325,-0.1582305654079632,0.2249602595692209,9999,opening_day,0.06032325755188335,0,predicted
Coaching jointly,ShareBlackAssistantsPre,-0.1580910755081153,0.0894805245963122,0.08711330514725184,-0.34058780861289856,0.024405657596667962,608,WinPct,table-20,,0.11271127112711271,-0.34794169576800926,0.03798456333729156,9999,opening_day,0.06032325755188335,0,predicted
Coaching jointly,HCBlackPre,-0.07957116055955528,0.07628050823725518,0.30495089745048054,-0.2351462828073892,0.07600396168827865,608,WinPct,table-20,,,,,,opening_day,0.06032325755188335,0,predicted
Coaching jointly,GMBlackPre,-0.003364356037207001,0.05053104007534372,0.9473436312386978,-0.10642309173126628,0.09969437965685228,608,WinPct,table-20,,,,,,opening_day,0.06032325755188335,0,predicted
Blau,BlauBlackCoachesPre,-0.2760838651589861,0.14312963768246126,0.06294161829032907,-0.5679986857902118,0.01583095547223967,608,WinPct,table-20,,0.07950795079507951,-0.5739303780542553,0.035261443211854517,9999,opening_day,0.06032325755188335,0,predicted
Blau,HCBlackPre,-0.08049918272346547,0.07618948842242694,0.29887460520200154,-0.2358886688350687,0.07489030338813775,608,WinPct,table-20,,,,,,opening_day,0.06032325755188335,0,predicted
Blau,OCBlackPre,0.017314126012999347,0.04841479608594885,0.7230507236111137,-0.08142850160883353,0.11605675363483223,608,WinPct,table-20,,,,,,opening_day,0.06032325755188335,0,predicted
Blau,DCBlackPre,-0.005638358909933651,0.029877067887156387,0.8515434290835436,-0.06657304060468743,0.05529632278482012,608,WinPct,table-20,,,,,,opening_day,0.06032325755188335,0,predicted
Blau,GMBlackPre,4.563364338565816e-4,0.052858543446643404,0.9931671375679374,-0.10734937368250139,0.10826204655021454,608,WinPct,table-20,,,,,,opening_day,0.06032325755188335,0,predicted
(1),UnitCoordBlackPre,0.0056898944087189545,0.019989901052725297,0.7778140176905031,-0.035079777580448,0.04645956639788591,1216,UnitEPAPerPlay,table-21,,0.7745774577457746,-0.037598458554022794,0.049403125481596755,9999,opening_day,0.06032325755188335,0,predicted
(1),ShareBlackUnitCoachesPre,-0.046611925781289,0.052516900805536997,0.38161193716180863,-0.15372085113724807,0.060496999574670064,1216,UnitEPAPerPlay,table-21,,0.38963896389638963,-0.15907335578863108,0.061307983210430364,9999,opening_day,0.06032325755188335,0,predicted
(2),UnitCoordBlackPre,0.011179427686113262,0.014976256854503643,0.46100350025137504,-0.019364849545333296,0.04172370491755982,1216,UnitEPAPerPlay,table-21,,0.48734873487348734,-0.020852748925327944,0.0450559088738682,9999,opening_day,0.06032325755188335,0,predicted
(2),ShareBlackUnitCoachesPre,-0.06822951315286592,0.042499366698383584,0.11854087793782822,-0.15490754299755097,0.018448516691819128,1216,UnitEPAPerPlay,table-21,,0.12941294129412942,-0.16043268704420438,0.020374499125378934,9999,opening_day,0.06032325755188335,0,predicted
(2),ShareBlackUnitRoster,-0.06328899940292226,0.06420636510616091,0.3319057604531275,-0.19423874438117458,0.06766074557533006,1216,UnitEPAPerPlay,table-21,,,,,,roster,0.06032325755188335,0,predicted
(2),OffQBWeek1Black,0.01717307005819563,0.018648432242753074,0.36422152756257364,-0.020860658255111592,0.05520679837150286,1216,UnitEPAPerPlay,table-21,,,,,,roster,0.06032325755188335,0,predicted
(2),OffQBWeek1LogPick,-0.0018061907336059994,0.0024314426178460736,0.4631665886986224,-0.00676515064684435,0.003152769179632351,1216,UnitEPAPerPlay,table-21,,,,,,roster,0.06032325755188335,0,predicted
(2),DefHCBlackPre,0.01915569880062982,0.021911271767402637,0.388710615308137,-0.02553263459663385,0.06384403219789349,1216,UnitEPAPerPlay,table-21,,,,,,opening_day,0.06032325755188335,0,predicted
(2),UnitMeanLogPickRoster,-0.021709821772489063,0.0172761903976298,0.21827365724645847,-0.05694484439095955,0.013525200845981425,1216,UnitEPAPerPlay,table-21,,,,,,roster,0.06032325755188335,0,predicted
(2),LagUnitEPAPerPlay,0.29082062405845344,0.042249285589507544,1.0223153139141353e-7,0.2046526379980108,0.37698861011889606,1216,UnitEPAPerPlay,table-21,,,,,,not_staff,0.06032325755188335,0,predicted
(3),UnitCoordBlackPre,0.0035542646413740846,0.016173973333251126,0.8275048856156084,-0.02943277145344852,0.03654130073619669,832,UnitEPAPerPlay,table-21,,0.8345834583458346,-0.03102654307142872,0.03688848617070451,9999,opening_day,0.06032325755188335,0,predicted
(3),ShareBlackUnitCoachesPre,-0.06585870642058432,0.05511111441240015,0.24114311576131425,-0.17825856531056533,0.04654115246939668,832,UnitEPAPerPlay,table-21,,0.2615261526152615,-0.1830819972761714,0.053395563818375964,9999,opening_day,0.06032325755188335,0,predicted
(3),ShareBlackUnitRosterSnapW,-0.002275327935194756,0.05132860131499697,0.9649267457921331,-0.10696070050185144,0.10241004463146192,832,UnitEPAPerPlay,table-21,,,,,,roster,0.06032325755188335,0,predicted
(3),OffQBWeek1Black,0.012449627207469144,0.017112423854575377,0.4723668585113735,-0.02245139134437199,0.04735064575931028,832,UnitEPAPerPlay,table-21,,,,,,roster,0.06032325755188335,0,predicted
(3),OffQBWeek1LogPick,0.0037146872985936523,0.002358619062236256,0.1254216820876815,-0.0010957479937640778,0.008525122590951383,832,UnitEPAPerPlay,table-21,,,,,,roster,0.06032325755188335,0,predicted
(3),DefHCBlackPre,0.03331255556447512,0.029825163878531742,0.2726075541335733,-0.027516267206766816,0.09414137833571706,832,UnitEPAPerPlay,table-21,,,,,,opening_day,0.06032325755188335,0,predicted
(3),UnitMeanLogPickSnapW,-0.058157854361330176,0.013284678643235927,1.2656064268668657e-4,-0.08525213508526504,-0.03106357363739531,832,UnitEPAPerPlay,table-21,,,,,,not_staff,0.06032325755188335,0,predicted
(3),UnitCapShare,0.08035889320918913,0.04930687267168347,0.11327086118868374,-0.020203136604464905,0.18092092302284316,832,UnitEPAPerPlay,table-21,,,,,,not_staff,0.06032325755188335,0,predicted
(3),LagUnitEPAPerPlay,0.27134859243650467,0.05054932824073333,7.475613854278413e-6,0.16825255778322334,0.374444627089786,832,UnitEPAPerPlay,table-21,,,,,,not_staff,0.06032325755188335,0,predicted
(4),UnitCoordBlackPre,-0.003212606671820041,0.007678237291860145,0.6785361298525985,-0.018872474873191148,0.012447261529551067,1216,UnitSuccessRate,table-21,,0.6771677167716772,-0.0196187469664048,0.01321062561721597,9999,opening_day,0.06032325755188335,0,predicted
(4),ShareBlackUnitCoachesPre,-7.588140626705641e-4,0.022902435864374043,0.973781371263232,-0.04746863996329277,0.04595101183795164,1216,UnitSuccessRate,table-21,,0.9730973097309731,-0.05040643948908562,0.046764688327997295,9999,opening_day,0.06032325755188335,0,predicted
(5),UnitCoordBlackPre,-1.8629903622099242e-4,0.005483215237690864,0.9731139276644742,-0.011369390242977187,0.010996792170535202,1216,UnitSuccessRate,table-21,,0.973997399739974,-0.011937809833550623,0.011879453664919354,9999,opening_day,0.06032325755188335,0,predicted
(5),ShareBlackUnitCoachesPre,-0.014264290304299744,0.016653959586611367,0.39828820365457085,-0.04823026481693599,0.019701684208336505,1216,UnitSuccessRate,table-21,,0.4239423942394239,-0.05108894708863818,0.020581813434585077,9999,opening_day,0.06032325755188335,0,predicted
(5),ShareBlackUnitRoster,-0.021588067431092487,0.024288924336821657,0.38095411656618305,-0.07112565521454522,0.027949520352360247,1216,UnitSuccessRate,table-21,,,,,,roster,0.06032325755188335,0,predicted
(5),OffQBWeek1Black,0.00506674849590549,0.007324884057418752,0.49426337847880397,-0.009872451032494735,0.020005948024305713,1216,UnitSuccessRate,table-21,,,,,,roster,0.06032325755188335,0,predicted
(5),OffQBWeek1LogPick,-0.0010329931544054444,0.0011090812019369522,0.358846410658582,-0.0032949791789013486,0.0012289928700904597,1216,UnitSuccessRate,table-21,,,,,,roster,0.06032325755188335,0,predicted
(5),DefHCBlackPre,7.327335781831594e-4,0.00868039185889813,0.9332712548668475,-0.01697104233802949,0.01843650949439581,1216,UnitSuccessRate,table-21,,,,,,opening_day,0.06032325755188335,0,predicted
(5),UnitMeanLogPickRoster,-0.0078089567332597,0.006541776399653922,0.24164824763398884,-0.02115099766367256,0.005533084197153157,1216,UnitSuccessRate,table-21,,,,,,roster,0.06032325755188335,0,predicted
(5),LagUnitSuccessRate,0.3651201718702533,0.03881515867387727,1.352804165090012e-10,0.28595613383087043,0.4442842099096362,1216,UnitSuccessRate,table-21,,,,,,not_staff,0.06032325755188335,0,predicted
(6),UnitCoordBlackPre,9.054597997947286e-5,0.006622073341586066,0.9891781998011427,-0.013415261643208503,0.01359635360316745,832,UnitSuccessRate,table-21,,0.9890989098909891,,,9999,opening_day,0.06032325755188335,0,predicted
(6),ShareBlackUnitCoachesPre,-0.0250207025467736,0.021302193608783125,0.24911478895188016,-0.06846681284962641,0.018425407756079207,832,UnitSuccessRate,table-21,,0.2745274527452745,-0.07049157755749699,0.0203031344086261,9999,opening_day,0.06032325755188335,0,predicted
(6),ShareBlackUnitRosterSnapW,0.009902003443447077,0.020927762667458258,0.6394198939441939,-0.0327804499198268,0.052584456806720956,832,UnitSuccessRate,table-21,,,,,,roster,0.06032325755188335,0,predicted
(6),OffQBWeek1Black,0.0014839936793873117,0.0068486876223530025,0.829875135577955,-0.012483996816570283,0.015451984175344905,832,UnitSuccessRate,table-21,,,,,,roster,0.06032325755188335,0,predicted
(6),OffQBWeek1LogPick,0.001825117302058688,0.0010638212681902944,0.09621110028264515,-3.445604789778969e-4,0.003994795083095273,832,UnitSuccessRate,table-21,,,,,,roster,0.06032325755188335,0,predicted
(6),DefHCBlackPre,0.011518965103306586,0.012349049512286303,0.3581414441541749,-0.013667087427216335,0.03670501763382951,832,UnitSuccessRate,table-21,,,,,,opening_day,0.06032325755188335,0,predicted
(6),UnitMeanLogPickSnapW,-0.02963590947948506,0.00630513788956624,5.061941663222671e-5,-0.04249532298663888,-0.016776495972331246,832,UnitSuccessRate,table-21,,,,,,not_staff,0.06032325755188335,0,predicted
(6),UnitCapShare,0.03879016764494999,0.020410585052202373,0.0667028807304204,-0.002837495017834285,0.08041783030773426,832,UnitSuccessRate,table-21,,,,,,not_staff,0.06032325755188335,0,predicted
(6),LagUnitSuccessRate,0.3010055681505215,0.053789697235657956,3.889483141893819e-6,0.19130075736080537,0.4107103789402376,832,UnitSuccessRate,table-21,,,,,,not_staff,0.06032325755188335,0,predicted
(1),HCBlack,-0.19070989867866184,0.05975958387929376,0.003237299984403702,-0.3125903735515355,-0.06882942380578819,179,DeltaWinPct,table-22,0.0098,0.006100610061006101,-0.3075962716694397,-0.06593208788199637,9999,first_game_hc,0.06032325755188335,0,predicted
(1),HCPriorBlackPred,-0.13795743560953722,0.1948907136949832,0.4843141039361235,-0.5354396667682481,0.2595247955491736,179,DeltaWinPct,table-22,,,,,,first_game_hc,0.06032325755188335,0,predicted
(1),RetainedInterim,-0.018459733673482602,0.07863061935340862,0.8159347665721676,-0.17882793914323714,0.14190847179627192,179,DeltaWinPct,table-22,,,,,,first_game_hc,0.06032325755188335,0,predicted
(1),LagExpectedWins,-0.04619599437023555,0.006300628513948727,2.9761322024292906e-8,-0.0590462109451826,-0.033345777795288495,179,DeltaWinPct,table-22,,,,,,first_game_hc,0.06032325755188335,0,predicted
(2),HCBlack,-0.10442075852428892,0.06929051905119231,0.14193463699931627,-0.24573970383698213,0.036898186788404286,179,WinPct,table-22,0.1027,0.16041604160416043,-0.24503969026585914,0.05115844097662987,9999,first_game_hc,0.06032325755188335,0,predicted
(2),HCPriorBlackPred,-0.07735813933893419,0.1752788405293905,0.6620276023580343,-0.4348416914673979,0.28012541278952946,179,WinPct,table-22,,,,,,first_game_hc,0.06032325755188335,0,predicted
(2),RetainedInterim,-0.01496853766296328,0.06572786236117735,0.8213476198774133,-0.14902139675147685,0.1190843214255503,179,WinPct,table-22,,,,,,first_game_hc,0.06032325755188335,0,predicted
(2),LagWinPct,-0.09550986915781506,0.14174149863578492,0.505412164040296,-0.38459356153787655,0.19357382322224642,179,WinPct,table-22,,,,,,first_game_hc,0.06032325755188335,0,predicted
(2),LagExpectedWins,0.03648691506109044,0.013971188034529111,0.013767567024126648,0.007992489202535712,0.06498134091964516,179,WinPct,table-22,,,,,,first_game_hc,0.06032325755188335,0,predicted
(3),HCBlack,-1.2843725998887976,0.7452633067656818,0.09478183126468122,-2.8043471351432565,0.23560193536566154,179,WinsOverExpected,table-22,0.0532,0.11021102110211022,-2.7826541350058873,0.348777903259234,9999,first_game_hc,0.06032325755188335,0,predicted
(3),HCPriorBlackPred,-0.5397664851488552,1.8352518217714637,0.7706339657365677,-4.28278725317526,3.2032542828775497,179,WinsOverExpected,table-22,,,,,,first_game_hc,0.06032325755188335,0,predicted
(3),RetainedInterim,-0.4637554961874817,0.5673703836802033,0.419950991356857,-1.6209150227903455,0.6934040304153821,179,WinsOverExpected,table-22,,,,,,first_game_hc,0.06032325755188335,0,predicted
(3),LagWinPct,-2.7726357134898,1.687405002283798,0.11046108760899023,-6.214120905164168,0.6688494781845682,179,WinsOverExpected,table-22,,,,,,first_game_hc,0.06032325755188335,0,predicted
(3),LagExpectedWins,0.21281337772755668,0.159962746167613,0.19309332228970807,-0.11343279400378556,0.5390595494588989,179,WinsOverExpected,table-22,,,,,,first_game_hc,0.06032325755188335,0,predicted
(4),HCBlack,-0.2712897789098816,0.09329444929014859,0.006669712574853157,-0.4615650627112875,-0.08101449510847572,132,DeltaWinPct,table-22,0.0021,0.0139013901390139,-0.4689952103517647,-0.06908532058584248,9999,first_game_hc,0.06032325755188335,0,predicted
(4),HCPriorBlackPred,-0.0042881967024899804,0.23103289632017632,0.9853102830031519,-0.47548289530739685,0.4669065019024169,132,DeltaWinPct,table-22,,,,,,first_game_hc,0.06032325755188335,0,predicted
(4),RetainedInterim,-0.03597024905783365,0.09198446192907576,0.6984372778541871,-0.22357379602172217,0.15163329790605484,132,DeltaWinPct,table-22,,,,,,first_game_hc,0.06032325755188335,0,predicted
(4),LagExpectedWins,-0.03849596269701979,0.008820080847412983,1.3138531000202354e-4,-0.056484636183622,-0.020507289210417584,132,DeltaWinPct,table-22,,,,,,first_game_hc,0.06032325755188335,0,predicted
(5),HCBlack,-0.17672284039559918,0.09452971929982489,0.07102584570404749,-0.3695174739916701,0.016071793200471723,132,WinPct,table-22,0.0198,0.09740974097409741,-0.38332599001281087,0.03893658269654366,9999,first_game_hc,0.06032325755188335,0,predicted
(5),HCPriorBlackPred,0.08720700518997171,0.183728675144491,0.6383625436314018,-0.28751009825581525,0.46192410863575867,132,WinPct,table-22,,,,,,first_game_hc,0.06032325755188335,0,predicted
(5),RetainedInterim,-0.014272947321684883,0.06993044806425358,0.8396077972429445,-0.15689703646125575,0.12835114181788598,132,WinPct,table-22,,,,,,first_game_hc,0.06032325755188335,0,predicted
(5),LagWinPct,-0.17974344431283001,0.17487823553329038,0.3119876481231102,-0.5364099571650539,0.17692306853939388,132,WinPct,table-22,,,,,,first_game_hc,0.06032325755188335,0,predicted
(5),LagExpectedWins,0.05048011228380608,0.017552897176075874,0.007224458749049896,0.014680742469985797,0.08627948209762637,132,WinPct,table-22,,,,,,first_game_hc,0.06032325755188335,0,predicted
(6),HCBlack,-2.1393081647073617,1.0002896921763056,0.040448026218054746,-4.17941244219266,-0.09920388722206264,132,WinsOverExpected,table-22,0.0088,0.05920592059205921,-4.453877435971673,0.1221302664910206,9999,first_game_hc,0.06032325755188335,0,predicted
(6),HCPriorBlackPred,1.01159975364447,2.124681726354159,0.6373286837056638,-3.3217171965675707,5.34491670385651,132,WinsOverExpected,table-22,,,,,,first_game_hc,0.06032325755188335,0,predicted
(6),RetainedInterim,-0.5280647088485836,0.6341572566007849,0.41138176455822373,-1.821436960815742,0.7653075431185746,132,WinsOverExpected,table-22,,,,,,first_game_hc,0.06032325755188335,0,predicted
(6),LagWinPct,-2.5266730446181622,1.9784237679030072,0.2110450241677698,-6.561694921926592,1.5083488326902676,132,WinsOverExpected,table-22,,,,,,first_game_hc,0.06032325755188335,0,predicted
(6),LagExpectedWins,0.2837976702715047,0.19721383476522444,0.16016188400368025,-0.11842259754756995,0.6860179380905793,132,WinsOverExpected,table-22,,,,,,first_game_hc,0.06032325755188335,0,predicted
(7),HCDoc,-0.05090027995455061,0.041369509164433875,0.22780929484582393,-0.13527395016623295,0.03347339025713171,179,WinPct,table-22,0.1895,0.2446244624462446,-0.141550685988868,0.038723430338873044,9999,first_game_hc,0.06032325755188335,0,predicted
(7),RetainedInterim,-0.020627616468879197,0.0597013411486537,0.7320420971763968,-0.1423893045094576,0.10113407157169921,179,WinPct,table-22,,,,,,first_game_hc,0.06032325755188335,0,predicted
(7),LagWinPct,-0.12877780864657412,0.137929993338378,0.357702148365197,-0.41008788472156305,0.1525322674284148,179,WinPct,table-22,,,,,,first_game_hc,0.06032325755188335,0,predicted
(7),LagExpectedWins,0.0410619537077061,0.013372336037994216,0.00441776761174638,0.013788894548485628,0.06833501286692657,179,WinPct,table-22,,,,,,first_game_hc,0.06032325755188335,0,predicted
(8),HCBlack,-0.09511638742874157,0.08262878227393998,0.25848082882827506,-0.26363889993580336,0.0734061250783202,179,WinPct,table-22,0.1418,0.2706270627062706,-0.2577160644063062,0.092161045815018,9999,first_game_hc,0.06032325755188335,0,predicted
(8),HCDoc,-0.010308142934853548,0.04869892471597568,0.8337493233986641,-0.10963025471813233,0.08901396884842523,179,WinPct,table-22,,0.8384838483848385,-0.11260880506403964,0.09982978146159949,9999,first_game_hc,0.06032325755188335,0,predicted
(8),HCPriorBlackPred,-0.07181701198058486,0.17335410214973876,0.6815222464508908,-0.4253750343029536,0.28174101034178384,179,WinPct,table-22,,,,,,first_game_hc,0.06032325755188335,0,predicted
(8),RetainedInterim,-0.014300329578417528,0.06535579578695994,0.8282343075434028,-0.14759435388586006,0.118993694729025,179,WinPct,table-22,,,,,,first_game_hc,0.06032325755188335,0,predicted
(8),LagWinPct,-0.09387242127194657,0.14423150252709066,0.5199416487549064,-0.38803451006990547,0.20028966752601235,179,WinPct,table-22,,,,,,first_game_hc,0.06032325755188335,0,predicted
(8),LagExpectedWins,0.03669912363823401,0.01363754121251047,0.011374645428765706,0.008885174959533726,0.06451307231693429,179,WinPct,table-22,,,,,,first_game_hc,0.06032325755188335,0,predicted
(1),ShareBlackCoachesPre,-0.1400387967349978,0.1629960591814981,0.39685044099098465,-0.4724714511452879,0.19239385767529227,576,WinPct,table-23,,0.41184118411841186,-0.4845816884044782,0.20482993832873292,9999,opening_day,0.06032325755188335,0,predicted
(1),F1ShareBlackCoachesPre,-0.26468502891739,0.1312754312831093,0.052508650072977114,-0.5324230362007791,0.0030529783659991594,576,WinPct,table-23,,0.041804180418041806,-0.5233806963540191,-0.009113475753882112,9999,opening_day,0.06032325755188335,0,predicted
(1),HCBlackPre,-0.08454055638067708,0.07608853485896637,0.2750768798430239,-0.23972414634214084,0.07064303358078668,576,WinPct,table-23,,0.313031303130313,-0.2557830543222136,0.09469023188161546,9999,opening_day,0.06032325755188335,0,predicted
(1),OCBlackPre,0.022712150600105483,0.04841393118627518,0.6422635129261469,-0.07602871304721316,0.12145301424742412,576,WinPct,table-23,,,,,,opening_day,0.06032325755188335,0,predicted
(1),DCBlackPre,-0.01820062379209166,0.03377563070001467,0.5938266520022009,-0.08708647676529091,0.0506852291811076,576,WinPct,table-23,,,,,,opening_day,0.06032325755188335,0,predicted
(1),GMBlackPre,-0.023298855496537985,0.0629753045280009,0.7139218945130326,-0.15173783587230444,0.10514012487922847,576,WinPct,table-23,,,,,,opening_day,0.06032325755188335,0,predicted
(2),ShareBlackCoachesPre,-0.1336853834088254,0.16150742300270227,0.4141474369531769,-0.46308194431566924,0.19571117749801842,576,WinPct,table-23,,0.42284228422842285,-0.47166373196986566,0.2051591074023467,9999,opening_day,0.06032325755188335,0,predicted
(2),F1ShareBlackCoachesPre,-0.27843339367500675,0.14130725493931273,0.05777881824480258,-0.5666314401971003,0.00976465284708683,576,WinPct,table-23,,0.049004900490049005,-0.5544900705873328,-0.0018691330159808133,9999,opening_day,0.06032325755188335,0,predicted
(2),HCBlackPre,-0.10262112261604935,0.07521662844671952,0.18228374829741106,-0.2560264477257364,0.0507842024936377,576,WinPct,table-23,,0.22742274227422743,-0.26168103668107845,0.08214665783626024,9999,opening_day,0.06032325755188335,0,predicted
(2),F1HCBlackPre,0.02719969338620154,0.045962489386405264,0.5582892099701814,-0.06654142174722419,0.12094080851962727,576,WinPct,table-23,,0.562056205620562,-0.07088902891947997,0.12185840468873989,9999,opening_day,0.06032325755188335,0,predicted
(2),OCBlackPre,0.021907327595833515,0.04829593477386607,0.6532720079661234,-0.07659288078175021,0.12040753597341723,576,WinPct,table-23,,,,,,opening_day,0.06032325755188335,0,predicted
(2),DCBlackPre,-0.018433167303883696,0.03479130521682443,0.6000104318402943,-0.08939050211127862,0.05252416750351123,576,WinPct,table-23,,,,,,opening_day,0.06032325755188335,0,predicted
(2),GMBlackPre,-0.024136916264182157,0.06385479009437237,0.7080088738553356,-0.15436961927847476,0.10609578675011044,576,WinPct,table-23,,,,,,opening_day,0.06032325755188335,0,predicted
(3),ShareBlackCoachesPre,-0.16651373510872003,0.1916293587013383,0.3915598900502866,-0.5573443889044201,0.22431691868697995,492,WinPct,table-23,,0.41114111411141113,-0.566525013138189,0.24143560880142997,9999,opening_day,0.06032325755188335,0,predicted
(3),F1ShareBlackCoachesPre,-0.22565122727493137,0.23616101627700772,0.34671853777787254,-0.7073047954865297,0.2560023409366669,492,WinPct,table-23,,0.34563456345634563,-0.7135611790086713,0.25338712476140296,9999,opening_day,0.06032325755188335,0,predicted
(3),HCBlackPre,-0.08377191358445045,0.0853165622313734,0.3337530903013749,-0.25777618945565245,0.09023236228675156,492,WinPct,table-23,,0.36613661366136613,-0.28188233623230047,0.11278926346879198,9999,opening_day,0.06032325755188335,0,predicted
(3),F1HCBlackPre,0.05001327160949369,0.06507214833198915,0.4479576225812244,-0.0827022498994998,0.18272879311848716,492,WinPct,table-23,,0.44774477447744776,-0.08399807647862181,0.19664021358211242,9999,opening_day,0.06032325755188335,0,predicted
(3),F1OCBlackPre,0.11574591049642755,0.09618211806347542,0.23792991695126262,-0.08041881259691744,0.31191063358977256,492,WinPct,table-23,,,,,,opening_day,0.06032325755188335,0,predicted
(3),F1DCBlackPre,0.014760016645230682,0.08499778586482339,0.8632681293743499,-0.15859411053999917,0.18811414383046055,492,WinPct,table-23,,,,,,opening_day,0.06032325755188335,0,predicted
(3),F1GMBlackPre,0.03533268984762426,0.05441201523381438,0.5208918174052739,-0.07564134686726637,0.1463067265625149,492,WinPct,table-23,,,,,,opening_day,0.06032325755188335,0,predicted
(3),F1ShareBlackCoordinatorsPre,-0.13915928017662108,0.2109695704520469,0.5143700906639128,-0.5694345558940451,0.2911159955408029,492,WinPct,table-23,,,,,,opening_day,0.06032325755188335,0,predicted
(3),F1ShareBlackPositionCoachesPre,0.004679859008083792,0.1511904412346763,0.9755051296196748,-0.30367507885664446,0.3130347968728121,492,WinPct,table-23,,,,,,opening_day,0.06032325755188335,0,predicted
(3),F1ShareBlackFrontOfficePre,0.09311416013135929,0.3135258262192986,0.7684547931290776,-0.5463259782354437,0.7325542984981623,492,WinPct,table-23,,,,,,opening_day,0.06032325755188335,0,predicted
(3),OCBlackPre,-0.04573358558974136,0.05622439360018189,0.4221858270392682,-0.16040399235279648,0.06893682117331376,492,WinPct,table-23,,,,,,opening_day,0.06032325755188335,0,predicted
(3),DCBlackPre,-1.0113943381306889e-4,0.041091545529863334,0.9980519240601087,-0.08390789907517957,0.08370562020755343,492,WinPct,table-23,,,,,,opening_day,0.06032325755188335,0,predicted
(3),GMBlackPre,-0.05135110572563302,0.0691912993882045,0.4635761323839843,-0.19246769120151563,0.08976547975024961,492,WinPct,table-23,,,,,,opening_day,0.06032325755188335,0,predicted
(4),ShareBlackCoachesPre,-0.45910452054143996,0.17192903440452806,0.01195840563145932,-0.8097560980354257,-0.10845294304745429,608,LagWinPct,table-23,,0.0203020302030203,-0.8059135276800182,-0.0818698583805415,9999,opening_day,0.06032325755188335,0,predicted
(4),HCBlackPre,0.012227256784087535,0.07364128365713929,0.869205171877265,-0.13796513144454012,0.1624196450127152,608,LagWinPct,table-23,,0.8724872487248725,-0.15290299889248102,0.17851645838664476,9999,opening_day,0.06032325755188335,0,predicted
(5),ShareBlackCoachesPre,-0.4438512229793706,0.16561613122936703,0.011682168761988224,-0.7816275495618168,-0.10607489639692441,608,LagWinPct,table-23,,0.019901990199019903,-0.7790195073654388,-0.07846466807263086,9999,opening_day,0.06032325755188335,0,predicted
(5),HCBlackPre,0.03912606810959744,0.06262233700070141,0.5366782234365173,-0.0885930302481004,0.1668451664672953,608,LagWinPct,table-23,,0.5719571957195719,-0.10590963569549867,0.1838032277723543,9999,opening_day,0.06032325755188335,0,predicted
(5),OCBlackPre,0.06346613460529889,0.04913677848519732,0.2060357082999147,-0.036748985827862776,0.16368125503846054,608,LagWinPct,table-23,,,,,,opening_day,0.06032325755188335,0,predicted
(5),DCBlackPre,-0.03772695397183161,0.03822180281033178,0.33125842304203323,-0.1156808347490153,0.04022692680535209,608,LagWinPct,table-23,,,,,,opening_day,0.06032325755188335,0,predicted
(5),GMBlackPre,0.07323487020050505,0.05506835070879201,0.19325712218476088,-0.039077771540949435,0.18554751194195954,608,LagWinPct,table-23,,,,,,opening_day,0.06032325755188335,0,predicted
