season,own_black_doc,own_minority_doc,own_undocumented,n_teams,tides_black,tides_poc,diff_black,diff_poc
1990,1,1,27,28,,,,
1991,1,1,27,28,,,,
1992,2,3,25,28,,,,
1993,2,3,25,28,,,,
1994,2,3,25,28,,,,
1995,2,2,28,30,,,,
1996,3,3,27,30,,,,
1997,3,3,27,30,,,,
1998,3,3,27,30,,,,
1999,3,3,27,31,,,,
2000,2,2,29,31,2,,0,
2001,3,3,28,31,3,,0,
2002,2,2,30,32,2,,0,
2003,3,4,28,32,3,,0,
2004,5,6,26,32,3,,2,
2005,6,7,24,32,6,,0,
2006,7,8,23,32,7,,0,
2007,6,7,25,32,6,,0,
2008,6,7,25,32,6,,0,
2009,6,7,25,32,6,,0,
2010,6,7,25,32,6,,0,
2011,7,9,22,32,7,8,0,1
2012,5,6,25,32,5,6,0,0
2013,3,4,25,32,3,4,0,0
2014,4,5,24,32,4,5,0,0
2015,5,7,24,32,5,6,0,1
2016,5,7,24,32,5,6,0,1
2017,7,9,21,32,7,8,0,1
2018,7,8,22,32,7,8,0,0
2019,2,4,25,32,3,4,-1,0
2020,2,4,25,32,,4,,0
2021,2,4,25,32,,5,,-1
2022,4,5,25,32,,6,,-1
2023,4,5,25,32,,6,,-1
2024,7,8,22,32,6,9,1,-1
2025,6,7,23,32,,,,
