table,panel,series_id,unit,scale,era,mean,n_seasons,seasons_in_era,min,max,n_retrospective,n_secondary,panel_table,era_var,seasons,franchise_seasons,franchise_seasons_hire_known,hires,hire_rate,retained_interim,black_doc_hires,share_black_hires,se_share_black,minority_doc_hires,share_minority_hires,hires_undocumented,seat_share_black_doc,seat_share_minority_doc,mean_pblack_pred_hires,n_pblack_pred_hires,historical_rows,tides_seat_share_black,outcome,period,n_cells,n_franchises,label,did_mandate,se_mandate,p_mandate,did_post,se_post,p_post,mde_mandate,pretrend_p,pretrend_joint_all_p,pretrend_joint_2017_20_p,n_leads,baseline_offense_2019_21,nobs,n_clusters,Group,Period,n_coach_seasons,n_persons,share_new,n_next1_observed,retained_next1,promoted_next1,on_any_staff_next1,advanced_any_next1
table-30,tides,hc_black,percent_of_teams,percent of teams (count-derived or printed),pre_rule,7.70878136200717,9,13,6,10,6,0,table-30,,,,,,,,,,,,,,,,,,,,,,,,,,,,,,,,,,,,,,,,,,,,,,,,
table-30,tides,hc_black,percent_of_teams,percent of teams (count-derived or printed),rule_2003,15.9736111111111,18,18,9.375,21.875,0,0,table-30,,,,,,,,,,,,,,,,,,,,,,,,,,,,,,,,,,,,,,,,,,,,,,,,
table-30,tides,hc_black,percent_of_teams,percent of teams (count-derived or printed),post_2021,11.7375,4,4,9.4,18.75,0,1,table-30,,,,,,,,,,,,,,,,,,,,,,,,,,,,,,,,,,,,,,,,,,,,,,,,
table-30,tides,hc_poc,percent_of_teams,percent of teams (count-derived or printed),pre_rule,,0,13,,,0,0,table-30,,,,,,,,,,,,,,,,,,,,,,,,,,,,,,,,,,,,,,,,,,,,,,,,
table-30,tides,hc_poc,percent_of_teams,percent of teams (count-derived or printed),rule_2003,18.4375,10,18,12.5,25,0,0,table-30,,,,,,,,,,,,,,,,,,,,,,,,,,,,,,,,,,,,,,,,,,,,,,,,
table-30,tides,hc_poc,percent_of_teams,percent of teams (count-derived or printed),post_2021,20.3125,4,4,15.625,28.125,0,1,table-30,,,,,,,,,,,,,,,,,,,,,,,,,,,,,,,,,,,,,,,,,,,,,,,,
table-30,tides,ac_black,percent,percent,pre_rule,26.125,8,13,23,28,6,0,table-30,,,,,,,,,,,,,,,,,,,,,,,,,,,,,,,,,,,,,,,,,,,,,,,,
table-30,tides,ac_black,percent,percent,rule_2003,31.4823529411765,17,18,27.7,36,2,0,table-30,,,,,,,,,,,,,,,,,,,,,,,,,,,,,,,,,,,,,,,,,,,,,,,,
table-30,tides,ac_black,percent,percent,post_2021,35.8,3,4,34.5,36.6,0,0,table-30,,,,,,,,,,,,,,,,,,,,,,,,,,,,,,,,,,,,,,,,,,,,,,,,
table-30,tides,ac_poc,percent,percent,pre_rule,,0,13,,,0,0,table-30,,,,,,,,,,,,,,,,,,,,,,,,,,,,,,,,,,,,,,,,,,,,,,,,
table-30,tides,ac_poc,percent,percent,rule_2003,34.425,16,18,31,38,0,0,table-30,,,,,,,,,,,,,,,,,,,,,,,,,,,,,,,,,,,,,,,,,,,,,,,,
table-30,tides,ac_poc,percent,percent,post_2021,42.4666666666667,3,4,40.9,43.6,0,0,table-30,,,,,,,,,,,,,,,,,,,,,,,,,,,,,,,,,,,,,,,,,,,,,,,,
table-30,tides,coord_black,count,count,pre_rule,12,1,13,12,12,0,0,table-30,,,,,,,,,,,,,,,,,,,,,,,,,,,,,,,,,,,,,,,,,,,,,,,,
table-30,tides,coord_black,count,count,rule_2003,10.4285714285714,14,18,5,15,0,0,table-30,,,,,,,,,,,,,,,,,,,,,,,,,,,,,,,,,,,,,,,,,,,,,,,,
table-30,tides,coord_black,count,count,post_2021,,0,4,,,0,0,table-30,,,,,,,,,,,,,,,,,,,,,,,,,,,,,,,,,,,,,,,,,,,,,,,,
table-30,tides,gm_black,percent,percent,pre_rule,12.5714285714286,7,13,6,17,5,0,table-30,,,,,,,,,,,,,,,,,,,,,,,,,,,,,,,,,,,,,,,,,,,,,,,,
table-30,tides,gm_black,percent,percent,rule_2003,15.1,17,18,6,24.1,8,0,table-30,,,,,,,,,,,,,,,,,,,,,,,,,,,,,,,,,,,,,,,,,,,,,,,,
table-30,tides,gm_black,percent,percent,post_2021,21.4,3,4,15.6,26.7,3,0,table-30,,,,,,,,,,,,,,,,,,,,,,,,,,,,,,,,,,,,,,,,,,,,,,,,
table-30,tides,player_black,percent,percent,pre_rule,65.5833333333333,12,13,61,68,10,0,table-30,,,,,,,,,,,,,,,,,,,,,,,,,,,,,,,,,,,,,,,,,,,,,,,,
table-30,tides,player_black,percent,percent,rule_2003,66.24,15,18,57.5,69.7,0,0,table-30,,,,,,,,,,,,,,,,,,,,,,,,,,,,,,,,,,,,,,,,,,,,,,,,
table-30,tides,player_black,percent,percent,post_2021,55.9666666666667,3,4,53.5,58,0,0,table-30,,,,,,,,,,,,,,,,,,,,,,,,,,,,,,,,,,,,,,,,,,,,,,,,
table-30,own_panel,DocBlackLower,percent,percent of opening-day offense+defense coaches,pre_rule,,0,0,,,0,0,table-30,,,,,,,,,,,,,,,,,,,,,,,,,,,,,,,,,,,,,,,,,,,,,,,,
table-30,own_panel,DocBlackLower,percent,percent of opening-day offense+defense coaches,rule_2003,16.0492706219041,14,14,15.2125279642058,17.3277661795407,0,0,table-30,,,,,,,,,,,,,,,,,,,,,,,,,,,,,,,,,,,,,,,,,,,,,,,,
table-30,own_panel,DocBlackLower,percent,percent of opening-day offense+defense coaches,post_2021,14.8654671987008,5,5,13.5593220338983,17.741935483871,0,0,table-30,,,,,,,,,,,,,,,,,,,,,,,,,,,,,,,,,,,,,,,,,,,,,,,,
table-30,own_panel,PredBlackShare,percent,percent of opening-day offense+defense coaches,pre_rule,,0,0,,,0,0,table-30,,,,,,,,,,,,,,,,,,,,,,,,,,,,,,,,,,,,,,,,,,,,,,,,
table-30,own_panel,PredBlackShare,percent,percent of opening-day offense+defense coaches,rule_2003,22.1706748694614,14,14,20.9767298411095,25.5437803867765,0,0,table-30,,,,,,,,,,,,,,,,,,,,,,,,,,,,,,,,,,,,,,,,,,,,,,,,
table-30,own_panel,PredBlackShare,percent,percent of opening-day offense+defense coaches,post_2021,29.0972734977399,5,5,27.2906855939783,30.4940130966097,0,0,table-30,,,,,,,,,,,,,,,,,,,,,,,,,,,,,,,,,,,,,,,,,,,,,,,,
,,,,,pre_rule,,,,,,,,table-31A,rooney_era,13,385,380,86,0.226315789473684,7,7,0.0813953488372093,0.0294859339790156,8,0.0930232558139535,78,0.0753246753246753,0.0831168831168831,0.0930276790830121,30,260,0.0770878136200717,,,,,,,,,,,,,,,,,,,,,,,,,,,,,
,,,,,rule_2003,,,,,,,,table-31A,rooney_era,18,576,576,120,0.208333333333333,7,20,0.166666666666667,0.0340206908719886,25,0.208333333333333,88,0.159722222222222,0.201388888888889,0.148227091130625,120,0,0.159736111111111,,,,,,,,,,,,,,,,,,,,,,,,,,,,,
,,,,,amend_2020,,,,,,,,table-31A,rooney_era,1,32,32,7,0.21875,0,1,0.142857142857143,0.132260014253222,1,0.142857142857143,5,0.0625,0.125,0.154032865793577,7,0,0.094,,,,,,,,,,,,,,,,,,,,,,,,,,,,,
,,,,,amend_2022,,,,,,,,table-31A,rooney_era,3,96,96,23,0.239583333333333,1,7,0.304347826086957,0.0959438755421514,8,0.347826086956522,13,0.15625,0.1875,0.206465879169278,23,0,0.125166666666667,,,,,,,,,,,,,,,,,,,,,,,,,,,,,
,,,,,post_mandate_2025,,,,,,,,table-31A,rooney_era,1,32,32,7,0.21875,0,1,0.142857142857143,0.132260014253222,1,0.142857142857143,6,0.1875,0.21875,0.164114173479879,7,0,,,,,,,,,,,,,,,,,,,,,,,,,,,,,,
,,,,,pre_rule,,,,,,,,table-31A,coarse_era,13,385,380,86,0.226315789473684,7,7,0.0813953488372093,0.0294859339790156,8,0.0930232558139535,78,0.0753246753246753,0.0831168831168831,0.0930276790830121,30,260,0.0770878136200717,,,,,,,,,,,,,,,,,,,,,,,,,,,,,
,,,,,rule_2003,,,,,,,,table-31A,coarse_era,18,576,576,120,0.208333333333333,7,20,0.166666666666667,0.0340206908719886,25,0.208333333333333,88,0.159722222222222,0.201388888888889,0.148227091130625,120,0,0.159736111111111,,,,,,,,,,,,,,,,,,,,,,,,,,,,,
,,,,,post_2021,,,,,,,,table-31A,coarse_era,5,160,160,37,0.23125,1,9,0.243243243243243,0.070533865329866,10,0.27027027027027,24,0.14375,0.18125,0.188533635021827,37,0,0.117375,,,,,,,,,,,,,,,,,,,,,,,,,,,,,
table-33,unit_means,,offense,,,9.48958333333333,,,,,,,table-33A,,2019-2021,,,,,,,,,,,,,,,,,,NCoaches,pre,96,32,,,,,,,,,,,,,,,,,,,,,,,,,
table-33,unit_means,,defense,,,7.78125,,,,,,,table-33A,,2019-2021,,,,,,,,,,,,,,,,,,NCoaches,pre,96,32,,,,,,,,,,,,,,,,,,,,,,,,,
table-33,unit_means,,offense,,,10.7916666666667,,,,,,,table-33A,,2022-2024,,,,,,,,,,,,,,,,,,NCoaches,mandate,96,32,,,,,,,,,,,,,,,,,,,,,,,,,
table-33,unit_means,,defense,,,8.80208333333333,,,,,,,table-33A,,2022-2024,,,,,,,,,,,,,,,,,,NCoaches,mandate,96,32,,,,,,,,,,,,,,,,,,,,,,,,,
table-33,unit_means,,offense,,,11.28125,,,,,,,table-33A,,2025-2025,,,,,,,,,,,,,,,,,,NCoaches,post,32,32,,,,,,,,,,,,,,,,,,,,,,,,,
table-33,unit_means,,defense,,,9.34375,,,,,,,table-33A,,2025-2025,,,,,,,,,,,,,,,,,,NCoaches,post,32,32,,,,,,,,,,,,,,,,,,,,,,,,,
table-33,unit_means,,offense,,,3.27083333333333,,,,,,,table-33A,,2019-2021,,,,,,,,,,,,,,,,,,NNewCoaches,pre,96,32,,,,,,,,,,,,,,,,,,,,,,,,,
table-33,unit_means,,defense,,,2.89583333333333,,,,,,,table-33A,,2019-2021,,,,,,,,,,,,,,,,,,NNewCoaches,pre,96,32,,,,,,,,,,,,,,,,,,,,,,,,,
table-33,unit_means,,offense,,,4.15625,,,,,,,table-33A,,2022-2024,,,,,,,,,,,,,,,,,,NNewCoaches,mandate,96,32,,,,,,,,,,,,,,,,,,,,,,,,,
table-33,unit_means,,defense,,,3.46875,,,,,,,table-33A,,2022-2024,,,,,,,,,,,,,,,,,,NNewCoaches,mandate,96,32,,,,,,,,,,,,,,,,,,,,,,,,,
table-33,unit_means,,offense,,,3.5,,,,,,,table-33A,,2025-2025,,,,,,,,,,,,,,,,,,NNewCoaches,post,32,32,,,,,,,,,,,,,,,,,,,,,,,,,
table-33,unit_means,,defense,,,3.75,,,,,,,table-33A,,2025-2025,,,,,,,,,,,,,,,,,,NNewCoaches,post,32,32,,,,,,,,,,,,,,,,,,,,,,,,,
table-33,unit_means,,offense,,,0.212773742461242,,,,,,,table-33A,,2019-2021,,,,,,,,,,,,,,,,,,EligibleShareLower,pre,96,32,,,,,,,,,,,,,,,,,,,,,,,,,
table-33,unit_means,,defense,,,0.251679368085618,,,,,,,table-33A,,2019-2021,,,,,,,,,,,,,,,,,,EligibleShareLower,pre,96,32,,,,,,,,,,,,,,,,,,,,,,,,,
table-33,unit_means,,offense,,,0.203960593804344,,,,,,,table-33A,,2022-2024,,,,,,,,,,,,,,,,,,EligibleShareLower,mandate,96,32,,,,,,,,,,,,,,,,,,,,,,,,,
table-33,unit_means,,defense,,,0.21807472041847,,,,,,,table-33A,,2022-2024,,,,,,,,,,,,,,,,,,EligibleShareLower,mandate,96,32,,,,,,,,,,,,,,,,,,,,,,,,,
table-33,unit_means,,offense,,,0.188794191919192,,,,,,,table-33A,,2025-2025,,,,,,,,,,,,,,,,,,EligibleShareLower,post,32,32,,,,,,,,,,,,,,,,,,,,,,,,,
table-33,unit_means,,defense,,,0.204935515873016,,,,,,,table-33A,,2025-2025,,,,,,,,,,,,,,,,,,EligibleShareLower,post,32,32,,,,,,,,,,,,,,,,,,,,,,,,,
table-33,unit_means,,offense,,,0.996759259259259,,,,,,,table-33A,,2019-2021,,,,,,,,,,,,,,,,,,EligibleShareUpperCensus,pre,96,32,,,,,,,,,,,,,,,,,,,,,,,,,
table-33,unit_means,,defense,,,0.985449735449735,,,,,,,table-33A,,2019-2021,,,,,,,,,,,,,,,,,,EligibleShareUpperCensus,pre,96,32,,,,,,,,,,,,,,,,,,,,,,,,,
table-33,unit_means,,offense,,,0.998184974747475,,,,,,,table-33A,,2022-2024,,,,,,,,,,,,,,,,,,EligibleShareUpperCensus,mandate,96,32,,,,,,,,,,,,,,,,,,,,,,,,,
table-33,unit_means,,defense,,,0.989570180976431,,,,,,,table-33A,,2022-2024,,,,,,,,,,,,,,,,,,EligibleShareUpperCensus,mandate,96,32,,,,,,,,,,,,,,,,,,,,,,,,,
table-33,unit_means,,offense,,,0.996875,,,,,,,table-33A,,2025-2025,,,,,,,,,,,,,,,,,,EligibleShareUpperCensus,post,32,32,,,,,,,,,,,,,,,,,,,,,,,,,
table-33,unit_means,,defense,,,0.99296875,,,,,,,table-33A,,2025-2025,,,,,,,,,,,,,,,,,,EligibleShareUpperCensus,post,32,32,,,,,,,,,,,,,,,,,,,,,,,,,
table-33,unit_means,,offense,,,0.221685340802988,,,,,,,table-33A,,2019-2021,,,,,,,,,,,,,,,,,,NewEligibleShareLower,pre,85,32,,,,,,,,,,,,,,,,,,,,,,,,,
table-33,unit_means,,defense,,,0.293831625477195,,,,,,,table-33A,,2019-2021,,,,,,,,,,,,,,,,,,NewEligibleShareLower,pre,79,32,,,,,,,,,,,,,,,,,,,,,,,,,
table-33,unit_means,,offense,,,0.178711073872364,,,,,,,table-33A,,2022-2024,,,,,,,,,,,,,,,,,,NewEligibleShareLower,mandate,93,32,,,,,,,,,,,,,,,,,,,,,,,,,
table-33,unit_means,,defense,,,0.217086038961039,,,,,,,table-33A,,2022-2024,,,,,,,,,,,,,,,,,,NewEligibleShareLower,mandate,88,32,,,,,,,,,,,,,,,,,,,,,,,,,
table-33,unit_means,,offense,,,0.110891988669766,,,,,,,table-33A,,2025-2025,,,,,,,,,,,,,,,,,,NewEligibleShareLower,post,27,27,,,,,,,,,,,,,,,,,,,,,,,,,
table-33,unit_means,,defense,,,0.179488232074439,,,,,,,table-33A,,2025-2025,,,,,,,,,,,,,,,,,,NewEligibleShareLower,post,29,29,,,,,,,,,,,,,,,,,,,,,,,,,
table-33,unit_means,,offense,,,0.998529411764706,,,,,,,table-33A,,2019-2021,,,,,,,,,,,,,,,,,,NewEligibleShareUpperCensus,pre,85,32,,,,,,,,,,,,,,,,,,,,,,,,,
table-33,unit_means,,defense,,,0.993143459915612,,,,,,,table-33A,,2019-2021,,,,,,,,,,,,,,,,,,NewEligibleShareUpperCensus,pre,79,32,,,,,,,,,,,,,,,,,,,,,,,,,
table-33,unit_means,,offense,,,0.996415770609319,,,,,,,table-33A,,2022-2024,,,,,,,,,,,,,,,,,,NewEligibleShareUpperCensus,mandate,93,32,,,,,,,,,,,,,,,,,,,,,,,,,
table-33,unit_means,,defense,,,0.995833333333333,,,,,,,table-33A,,2022-2024,,,,,,,,,,,,,,,,,,NewEligibleShareUpperCensus,mandate,88,32,,,,,,,,,,,,,,,,,,,,,,,,,
table-33,unit_means,,offense,,,0.995884773662551,,,,,,,table-33A,,2025-2025,,,,,,,,,,,,,,,,,,NewEligibleShareUpperCensus,post,27,27,,,,,,,,,,,,,,,,,,,,,,,,,
table-33,unit_means,,defense,,,0.996168582375479,,,,,,,table-33A,,2025-2025,,,,,,,,,,,,,,,,,,NewEligibleShareUpperCensus,post,29,29,,,,,,,,,,,,,,,,,,,,,,,,,
table-33,unit_means,,offense,,,0.662428659303659,,,,,,,table-33A,,2019-2021,,,,,,,,,,,,,,,,,,RetentionRate,pre,96,32,,,,,,,,,,,,,,,,,,,,,,,,,
table-33,unit_means,,defense,,,0.665998151154401,,,,,,,table-33A,,2019-2021,,,,,,,,,,,,,,,,,,RetentionRate,pre,96,32,,,,,,,,,,,,,,,,,,,,,,,,,
table-33,unit_means,,offense,,,0.661881405631406,,,,,,,table-33A,,2022-2024,,,,,,,,,,,,,,,,,,RetentionRate,mandate,96,32,,,,,,,,,,,,,,,,,,,,,,,,,
table-33,unit_means,,defense,,,0.63321158008658,,,,,,,table-33A,,2022-2024,,,,,,,,,,,,,,,,,,RetentionRate,mandate,96,32,,,,,,,,,,,,,,,,,,,,,,,,,
table-33,unit_means,,offense,,,,,,,,,,table-33A,,2025-2025,,,,,,,,,,,,,,,,,,RetentionRate,post,0,0,,,,,,,,,,,,,,,,,,,,,,,,,
table-33,unit_means,,defense,,,,,,,,,,table-33A,,2025-2025,,,,,,,,,,,,,,,,,,RetentionRate,post,0,0,,,,,,,,,,,,,,,,,,,,,,,,,
table-33,unit_means,,offense,,,0.0769318933381434,,,,,,,table-33A,,2019-2021,,,,,,,,,,,,,,,,,,PromotionRate,pre,96,32,,,,,,,,,,,,,,,,,,,,,,,,,
table-33,unit_means,,defense,,,0.0792786495911496,,,,,,,table-33A,,2019-2021,,,,,,,,,,,,,,,,,,PromotionRate,pre,96,32,,,,,,,,,,,,,,,,,,,,,,,,,
table-33,unit_means,,offense,,,0.0540570540570541,,,,,,,table-33A,,2022-2024,,,,,,,,,,,,,,,,,,PromotionRate,mandate,96,32,,,,,,,,,,,,,,,,,,,,,,,,,
table-33,unit_means,,defense,,,0.0691930465367965,,,,,,,table-33A,,2022-2024,,,,,,,,,,,,,,,,,,PromotionRate,mandate,96,32,,,,,,,,,,,,,,,,,,,,,,,,,
table-33,unit_means,,offense,,,,,,,,,,table-33A,,2025-2025,,,,,,,,,,,,,,,,,,PromotionRate,post,0,0,,,,,,,,,,,,,,,,,,,,,,,,,
table-33,unit_means,,defense,,,,,,,,,,table-33A,,2025-2025,,,,,,,,,,,,,,,,,,PromotionRate,post,0,0,,,,,,,,,,,,,,,,,,,,,,,,,
table-33,unit_means,,offense,,,0.197003551663156,,,,,,,table-33A,,2019-2021,,,,,,,,,,,,,,,,,,MeanPBlackPred,pre,96,32,,,,,,,,,,,,,,,,,,,,,,,,,
table-33,unit_means,,defense,,,0.32353044067591,,,,,,,table-33A,,2019-2021,,,,,,,,,,,,,,,,,,MeanPBlackPred,pre,96,32,,,,,,,,,,,,,,,,,,,,,,,,,
table-33,unit_means,,offense,,,0.24707416268432,,,,,,,table-33A,,2022-2024,,,,,,,,,,,,,,,,,,MeanPBlackPred,mandate,96,32,,,,,,,,,,,,,,,,,,,,,,,,,
table-33,unit_means,,defense,,,0.346987631884966,,,,,,,table-33A,,2022-2024,,,,,,,,,,,,,,,,,,MeanPBlackPred,mandate,96,32,,,,,,,,,,,,,,,,,,,,,,,,,
table-33,unit_means,,offense,,,0.256825344298611,,,,,,,table-33A,,2025-2025,,,,,,,,,,,,,,,,,,MeanPBlackPred,post,32,32,,,,,,,,,,,,,,,,,,,,,,,,,
table-33,unit_means,,defense,,,0.365572073654764,,,,,,,table-33A,,2025-2025,,,,,,,,,,,,,,,,,,MeanPBlackPred,post,32,32,,,,,,,,,,,,,,,,,,,,,,,,,
,,,,,,,,,,,,,table-33A-did,,2007-2025,,,,,,,,,,,,,,,,,,NCoaches,,,,Coaches on the opening staff,0.552083333333331,0.161341103217983,0.00176568504030186,0.500000000000009,0.215385412601852,0.0270089704628141,0.45201084984954,0.220429228109824,0.0221362144376485,0.0214474022045233,13,9.48958333333333,1216,32,,,,,,,,,,
,,,,,,,,,,,,,table-33A-did,,2008-2025,,,,,,,,,,,,,,,,,,NNewCoaches,,,,New to the franchise,0.256696428571435,0.269711930919945,0.348589524415419,-0.680803571428561,0.501568275205087,0.184470538777725,0.755620958814024,0.675544844749589,3.52704111802155e-07,0.0394954652807289,13,3.27083333333333,1152,32,,,,,,,,,,
,,,,,,,,,,,,,table-33A-did,,2007-2025,,,,,,,,,,,,,,,,,,EligibleShareLower,,,,"Eligible share, documented (lower bound)",0.0331444365819364,0.0266906974248907,0.223624898799582,0.0311172392422397,0.0350527633807282,0.381524415284408,0.0747762633666997,0.911340454440233,0.509596066111555,0.845868180436981,13,0.212773742461242,1216,32,,,,,,,,,,
,,,,,,,,,,,,,table-33A-did,,2007-2025,,,,,,,,,,,,,,,,,,EligibleShareUpperCensus,,,,"Eligible share, Census-white-man assumption (upper bound)",0.00797498797498794,0.00710054317469132,0.26999628475409,0.00326644420394425,0.00778114892130998,0.677534497027556,0.0198927767987881,0.332847931143974,0.369119542317332,0.473964127852381,13,0.996759259259259,1216,32,,,,,,,,,,
,,,,,,,,,,,,,table-33A-did,,2008-2025,,,,,,,,,,,,,,,,,,NewEligibleShareLower,,,,"Eligible share of new coaches, documented (lower bound)",0.0251752425472624,0.0358762292173223,0.488085993160282,0.00539482476373193,0.0716671493728157,0.940478713671731,0.100510313456883,0.639118768658791,0.428043001441833,0.336298814134687,13,0.221685340802988,939,32,,,,,,,,,,
,,,,,,,,,,,,,table-33A-did,,2008-2025,,,,,,,,,,,,,,,,,,NewEligibleShareUpperCensus,,,,"Eligible share of new coaches, assumption (upper bound)",0.0100145139270487,0.00664830568656446,0.142106707902298,0.0113590224562389,0.00689278105214229,0.109461349639561,0.0186257949369754,0.0688187924787212,0.280869870232818,0.348607354996913,13,0.998529411764706,939,32,,,,,,,,,,
,,,,,,,,,,,,,table-33A-did,,2007-2024,,,,,,,,,,,,,,,,,,RetentionRate,,,,Retained on the staff next season,0.0335639938764946,0.0298543528766769,0.26953409276944,,,,0.0836395137156264,0.306922814692349,0.00827415013623877,0.109452504010817,13,0.662428659303659,1152,32,,,,,,,,,,
,,,,,,,,,,,,,table-33A-did,,2007-2024,,,,,,,,,,,,,,,,,,PromotionRate,,,,Promoted within the franchise next season,-0.0153474823787327,0.0120573683796077,0.21252724466043,,,,0.0337797450216516,0.794089217406019,0.293897974258465,0.278627221759442,13,0.0769318933381434,1152,32,,,,,,,,,,
,,,,,,,,,,,,,table-33A-did,,2007-2025,,,,,,,,,,,,,,,,,,MeanPBlackPred,,,,Mean predicted P(Black),0.0148672244081478,0.0200879560801677,0.464804116668106,0.00603396425264026,0.0187406610349155,0.749635265243561,0.0562781208163003,0.326411805280611,0.0208616191043537,0.667006136099058,13,0.197003551663156,1216,32,,,,,,,,,,
table-33,person_advancement,,defense,,,,,,,,,,table-33B,,,,,,,,,,,,,,,,,,,,,,,,,,,,,,,,,,,,,,,black,mandate,126,57,0.420634920634921,126,0.642857142857143,0.0793650793650794,0.873015873015873,0.158730158730159
table-33,person_advancement,,defense,,,,,,,,,,table-33B,,,,,,,,,,,,,,,,,,,,,,,,,,,,,,,,,,,,,,,black,post,44,44,0.363636363636364,0,,,,
table-33,person_advancement,,defense,,,,,,,,,,table-33B,,,,,,,,,,,,,,,,,,,,,,,,,,,,,,,,,,,,,,,black,pre,135,62,0.4,135,0.62962962962963,0.0814814814814815,0.844444444444445,0.162962962962963
table-33,person_advancement,,defense,,,,,,,,,,table-33B,,,,,,,,,,,,,,,,,,,,,,,,,,,,,,,,,,,,,,,census_white_man,mandate,9,3,0.222222222222222,9,0.555555555555556,0.111111111111111,0.888888888888889,0.333333333333333
table-33,person_advancement,,defense,,,,,,,,,,table-33B,,,,,,,,,,,,,,,,,,,,,,,,,,,,,,,,,,,,,,,census_white_man,post,2,2,0.5,0,,,,
table-33,person_advancement,,defense,,,,,,,,,,table-33B,,,,,,,,,,,,,,,,,,,,,,,,,,,,,,,,,,,,,,,census_white_man,pre,11,5,0.272727272727273,11,0.818181818181818,0.0909090909090909,0.818181818181818,0.0909090909090909
table-33,person_advancement,,defense,,,,,,,,,,table-33B,,,,,,,,,,,,,,,,,,,,,,,,,,,,,,,,,,,,,,,eligible_other,mandate,52,19,0.346153846153846,52,0.634615384615385,0.0769230769230769,0.903846153846154,0.173076923076923
table-33,person_advancement,,defense,,,,,,,,,,table-33B,,,,,,,,,,,,,,,,,,,,,,,,,,,,,,,,,,,,,,,eligible_other,post,16,16,0.25,0,,,,
table-33,person_advancement,,defense,,,,,,,,,,table-33B,,,,,,,,,,,,,,,,,,,,,,,,,,,,,,,,,,,,,,,eligible_other,pre,42,17,0.428571428571429,42,0.690476190476191,0.142857142857143,0.952380952380952,0.285714285714286
table-33,person_advancement,,defense,,,,,,,,,,table-33B,,,,,,,,,,,,,,,,,,,,,,,,,,,,,,,,,,,,,,,undocumented,mandate,647,315,0.400309119010819,647,0.62596599690881,0.0649149922720247,0.814528593508501,0.119010819165379
table-33,person_advancement,,defense,,,,,,,,,,table-33B,,,,,,,,,,,,,,,,,,,,,,,,,,,,,,,,,,,,,,,undocumented,post,234,234,0.423076923076923,0,,,,
table-33,person_advancement,,defense,,,,,,,,,,table-33B,,,,,,,,,,,,,,,,,,,,,,,,,,,,,,,,,,,,,,,undocumented,pre,540,255,0.368518518518519,540,0.662962962962963,0.0740740740740741,0.827777777777778,0.12037037037037
table-33,person_advancement,,defense,,,,,,,,,,table-33B,,,,,,,,,,,,,,,,,,,,,,,,,,,,,,,,,,,,,,,woman,mandate,3,1,0.333333333333333,3,0.666666666666667,0,1,0
table-33,person_advancement,,defense,,,,,,,,,,table-33B,,,,,,,,,,,,,,,,,,,,,,,,,,,,,,,,,,,,,,,woman,post,1,1,0,0,,,,
table-33,person_advancement,,defense,,,,,,,,,,table-33B,,,,,,,,,,,,,,,,,,,,,,,,,,,,,,,,,,,,,,,woman,pre,3,1,0.333333333333333,3,1,0,1,0
table-33,person_advancement,,offense,,,,,,,,,,table-33B,,,,,,,,,,,,,,,,,,,,,,,,,,,,,,,,,,,,,,,black,mandate,120,60,0.366666666666667,120,0.641666666666667,0.0416666666666667,0.833333333333333,0.0833333333333333
table-33,person_advancement,,offense,,,,,,,,,,table-33B,,,,,,,,,,,,,,,,,,,,,,,,,,,,,,,,,,,,,,,black,post,39,39,0.282051282051282,0,,,,
table-33,person_advancement,,offense,,,,,,,,,,table-33B,,,,,,,,,,,,,,,,,,,,,,,,,,,,,,,,,,,,,,,black,pre,121,54,0.371900826446281,121,0.71900826446281,0.107438016528926,0.884297520661157,0.165289256198347
table-33,person_advancement,,offense,,,,,,,,,,table-33B,,,,,,,,,,,,,,,,,,,,,,,,,,,,,,,,,,,,,,,census_white_man,mandate,2,1,0.5,2,0.5,0,0.5,0
table-33,person_advancement,,offense,,,,,,,,,,table-33B,,,,,,,,,,,,,,,,,,,,,,,,,,,,,,,,,,,,,,,census_white_man,post,1,1,1,0,,,,
table-33,person_advancement,,offense,,,,,,,,,,table-33B,,,,,,,,,,,,,,,,,,,,,,,,,,,,,,,,,,,,,,,census_white_man,pre,3,2,0.333333333333333,3,0.333333333333333,0,0.666666666666667,0.333333333333333
table-33,person_advancement,,offense,,,,,,,,,,table-33B,,,,,,,,,,,,,,,,,,,,,,,,,,,,,,,,,,,,,,,eligible_other,mandate,68,25,0.426470588235294,68,0.617647058823529,0.0294117647058824,0.941176470588235,0.147058823529412
table-33,person_advancement,,offense,,,,,,,,,,table-33B,,,,,,,,,,,,,,,,,,,,,,,,,,,,,,,,,,,,,,,eligible_other,post,20,20,0.2,0,,,,
table-33,person_advancement,,offense,,,,,,,,,,table-33B,,,,,,,,,,,,,,,,,,,,,,,,,,,,,,,,,,,,,,,eligible_other,pre,56,23,0.25,56,0.75,0.107142857142857,0.928571428571429,0.125
table-33,person_advancement,,offense,,,,,,,,,,table-33B,,,,,,,,,,,,,,,,,,,,,,,,,,,,,,,,,,,,,,,undocumented,mandate,814,359,0.390663390663391,814,0.667076167076167,0.0601965601965602,0.878378378378378,0.13022113022113
table-33,person_advancement,,offense,,,,,,,,,,table-33B,,,,,,,,,,,,,,,,,,,,,,,,,,,,,,,,,,,,,,,undocumented,post,288,288,0.326388888888889,0,,,,
table-33,person_advancement,,offense,,,,,,,,,,table-33B,,,,,,,,,,,,,,,,,,,,,,,,,,,,,,,,,,,,,,,undocumented,pre,704,326,0.349431818181818,704,0.647727272727273,0.0738636363636364,0.818181818181818,0.137784090909091
table-33,person_advancement,,offense,,,,,,,,,,table-33B,,,,,,,,,,,,,,,,,,,,,,,,,,,,,,,,,,,,,,,woman,mandate,3,1,0,3,0.666666666666667,0,0.666666666666667,0
table-33,person_advancement,,offense,,,,,,,,,,table-33B,,,,,,,,,,,,,,,,,,,,,,,,,,,,,,,,,,,,,,,woman,pre,2,1,0,2,0.5,0,0.5,0
