sample,risk_flag,outcome,n_input,n_risk_set,n_outcome_observed,n_known_race,n_players,race_measure,n_dropped_unknown_race,note
retention,InRiskSetRetention,RetainedNextSeason,58991,46115,46115,46083,11298,predicted,32,"n_input = all player-seasons of 18; n_risk_set = rows with the risk flag (and the column's extra restriction); n_outcome_observed = of those, outcome not censored; n_known_race = estimation rows"
retention same franchise,InRiskSetRetention,RetainedNextSeasonSameFranchise,58991,46115,46115,46083,11298,predicted,32,"n_input = all player-seasons of 18; n_risk_set = rows with the risk flag (and the column's extra restriction); n_outcome_observed = of those, outcome not censored; n_known_race = estimation rows"
employed 2016+,InRiskSetEmployed,RetainedNextSeasonEmployed,58991,23944,23944,23881,6925,predicted,63,"n_input = all player-seasons of 18; n_risk_set = rows with the risk flag (and the column's extra restriction); n_outcome_observed = of those, outcome not censored; n_known_race = estimation rows"
retention known employer,InRiskSetRetention,RetainedNextSeason,58991,46114,46114,46082,11298,predicted,32,"n_input = all player-seasons of 18; n_risk_set = rows with the risk flag (and the column's extra restriction); n_outcome_observed = of those, outcome not censored; n_known_race = estimation rows"
retention employer common sample,InRiskSetRetention,RetainedNextSeason,58991,46114,46114,46082,11298,predicted,32,"n_input = all player-seasons of 18; n_risk_set = rows with the risk flag (and the column's extra restriction); n_outcome_observed = of those, outcome not censored; n_known_race = estimation rows"
access bargained,InRiskSetBargained,BargainedEventNext,58991,17314,17314,17282,6189,predicted,32,"n_input = all player-seasons of 18; n_risk_set = rows with the risk flag (and the column's extra restriction); n_outcome_observed = of those, outcome not censored; n_known_race = estimation rows"
access veteran market,InRiskSetVeteranMarket,VeteranMarketEventNext,58991,15734,15734,15702,6183,predicted,32,"n_input = all player-seasons of 18; n_risk_set = rows with the risk flag (and the column's extra restriction); n_outcome_observed = of those, outcome not censored; n_known_race = estimation rows"
access non-rookie,InRiskSetNonRookie,NonRookieEventNext,58991,11099,11099,11071,4702,predicted,28,"n_input = all player-seasons of 18; n_risk_set = rows with the risk flag (and the column's extra restriction); n_outcome_observed = of those, outcome not censored; n_known_race = estimation rows"
"access bargained, retained",InRiskSetBargained,BargainedEventNext,58991,13586,13586,13586,4842,predicted,0,"n_input = all player-seasons of 18; n_risk_set = rows with the risk flag (and the column's extra restriction); n_outcome_observed = of those, outcome not censored; n_known_race = estimation rows"
"access bargained, experience 2-4",InRiskSetBargained,BargainedEventNext,58991,7398,7398,7398,4026,predicted,0,"n_input = all player-seasons of 18; n_risk_set = rows with the risk flag (and the column's extra restriction); n_outcome_observed = of those, outcome not censored; n_known_race = estimation rows"
