person_id,gsis_id,link_method
Aaron Curry (American football),00-0026981,wikidata
Aaron Glenn,00-0006034,wikidata
Aaron Moorehead,00-0021780,wikidata
Adrian Klemm,00-0019584,wikidata
Adrian White (American football),00-0017506,wikidata
Adrian Wilson (American football),00-0020505,wikidata
Akeem Dent,00-0028029,wikidata
Al Harris (cornerback),00-0006915,wikidata
Al Harris (defensive lineman),HAR335634,wikidata
Al Smith (American football),00-0015083,wikidata
Albert Lewis (American football),00-0009836,wikidata
Aldrick Robinson,00-0028116,wikidata
Alex Tanney,00-0029623,wikidata
Alex Van Pelt,00-0016838,wikidata
Alfredo Roberts,00-0013809,wikidata
Alonzo Highsmith,00-0007405,wikidata
Alvis Whitted,00-0017611,wikidata
Andre Carter,00-0020489,wikidata
Andre Coleman,00-0003209,wikidata
Andre Gurode,00-0021385,wikidata
Andre Johnson,00-0022044,wikidata
Andre Tippett,00-0016495,wikidata
Andy Heck,00-0007195,wikidata
Anthony Levine,00-0027539,wikidata
Anthony Lynn,00-0010194,wikidata
Anthony Pleasant,00-0013029,wikidata
Anthony Schlegel,00-0024291,wikidata
Anthony Weaver,00-0021180,wikidata
Antonio Pierce,00-0020006,wikidata
Antwaan Randle El,00-0021190,wikidata
Art Shell,SHE282736,wikidata
Aubrayo Franklin,00-0022147,wikidata
Austin Davis (American football),00-0028957,wikidata
Austin King,00-0022014,wikidata
Autry Denson,00-0004200,wikidata
Barney Chavous,CHA810320,wikidata
Barrett Ruud,00-0023471,wikidata
Ben Coates,00-0003142,wikidata
Ben Ellefson,00-0035823,wikidata
Ben Jacobs (American football),00-0028698,wikidata
Ben Steele,00-0019907,wikidata
Ben Wilkerson,00-0023107,wikidata
Bennie Thompson (gridiron football),00-0016355,wikidata
Bernie Kosar,00-0009427,wikidata
Bernie Parmalee,00-0012603,wikidata
Bill Bates,00-0000868,wikidata
Bill Bradley (American football),BRA249168,wikidata
Bill Cowher,COW415288,wikidata
Bill Kollar,KOL461435,wikidata
Bill Musgrave,00-0011873,wikidata
"Billy ""White Shoes"" Johnson",JOH757692,wikidata
Billy Miller (American football),00-0011236,wikidata
Billy Yates (American football),00-0021798,wikidata
Blue Adams,00-0022031,wikidata
Bob Sanders,00-0022944,wikidata
Bobby Engram,00-0004915,wikidata
Brant Boyer,00-0001611,wikidata
Brent Celek,00-0025549,wikidata
Brentson Buckner,00-0002186,wikidata
Brett Bech,00-0000969,wikidata
Brett Maxie,00-0010579,wikidata
Brian Cushing,00-0026991,wikidata
Brian Dawkins,00-0004073,wikidata
Brian Griese,00-0006423,wikidata
Brian Natkin,00-0020090,wikidata
"Brian Young (American football, born 1977)",00-0019674,wikidata
Brock Olivo,00-0012370,wikidata
Bruce Coslet,COS166116,wikidata
Bruce Gradkowski,00-0024408,wikidata
Bruce Matthews,00-0010550,wikidata
Bruce McNorton,00-0011042,wikidata
Bryan Cox,00-0003572,wikidata
Bryant Young,00-0018405,wikidata
Byron Leftwich,00-0022177,wikidata
Byron Storer,00-0024625,wikidata
Cadillac Williams,00-0023440,wikidata
Carl Hairston,HAI664464,wikidata
Carl Mauck,MAU118654,wikidata
Carlos Polk,00-0020339,wikidata
Carnell Lake,00-0009561,wikidata
Cato June,00-0022065,wikidata
Cedric Saunders,00-0014381,wikidata
Cedric Scott,00-0020481,wikidata
Cedric Smith (American football),00-0015119,wikidata
Chad Hall,00-0027188,wikidata
Chad Morton,00-0019590,wikidata
Charles Gordon (American football),00-0023825,wikidata
Charles Haley,00-0006633,wikidata
Charles Woodson,00-0018227,wikidata
Charlie Frye,00-0023502,wikidata
Charlie Joiner,JOI207645,wikidata
Charlie Sanders,SAN212052,wikidata
Chase Blackburn,00-0023693,wikidata
Chet Parlavecchio,PAR585488,wikidata
Chip Vaughn,00-0027085,wikidata
Chris Banjo,00-0029747,wikidata
Chris Boniol,00-0001460,wikidata
Chris Cash (American football),00-0021288,wikidata
Chris Dalman,00-0003835,wikidata
Chris Gizzi,00-0006016,wikidata
Chris Harris (safety),00-0023614,wikidata
Chris Hewitt,00-0007359,wikidata
Chris Horton,00-0026389,wikidata
Chris Jackson (wide receiver),00-0008109,wikidata
Chris Kuper,00-0024375,wikidata
Chris Miller (quarterback),00-0011244,wikidata
Chris Orr (American football),00-0035954,wikidata
Chris Spielman,00-0015469,wikidata
Chris Watt,00-0030991,wikidata
Chris Weinke,00-0020434,wikidata
Chuck Bullough,00-0002211,wikidata
Chuck Cecil,00-0002838,wikidata
Chuck Faucette,FAU075507,wikidata
Chuck Smith (defensive end),00-0015124,wikidata
Clyde Powers,POW593265,wikidata
Clyde Simmons,00-0014894,wikidata
Cody Grimm,00-0027805,wikidata
Colt Anderson,00-0026578,wikidata
Connor Barwin,00-0027022,wikidata
Corwin Brown,00-0001897,wikidata
Cory Harkey,00-0028958,wikidata
Cris Dishman,00-0004337,wikidata
Curtis Fuller (American football),00-0020314,wikidata
D'Anthony Batiste,00-0024483,wikidata
Dameyune Craig,00-0003600,wikidata
Damione Lewis,00-0020491,wikidata
Dan Campbell,00-0002565,wikidata
Dan Marino,00-0010379,wikidata
Dan Morgan,00-0020443,wikidata
Dan Neal,NEA581406,wikidata
Daniel Bullocks,00-0024255,wikidata
Danny Abramowicz,ABR166116,wikidata
Danny Amendola,00-0026035,wikidata
Daren Bates,00-0029794,wikidata
Darian Thompson,00-0033083,wikidata
Darnell Stapleton,00-0024775,wikidata
Darrel Young,00-0026852,wikidata
Darren Perry,00-0012808,wikidata
Darren Sproles,00-0023564,wikidata
Darryl Tapp,00-0024278,wikidata
Dat Nguyen,00-0012085,wikidata
Dave Atkins (American football),ATK103822,wikidata
Dave Merritt,00-0011138,wikidata
Dave Ragone,00-0022091,wikidata
David Blough,00-0035040,wikidata
David Diaz-Infante,00-0004257,wikidata
David Tyree,00-0021927,wikidata
Davis Webb,00-0033550,wikidata
Daylon McCutcheon,00-0010777,wikidata
DeAngelo Hall,00-0022923,wikidata
DeMarcus Ware,00-0023445,wikidata
DeMeco Ryans,00-0024248,wikidata
DeShawn Shead,00-0029191,wikidata
Dedric Ward,00-0017160,wikidata
Denard Robinson,00-0030547,wikidata
Dennis Thurman,THU461435,wikidata
Deon Broomfield,00-0030903,wikidata
Deshea Townsend,00-0016577,wikidata
Dick Jauron,JAU415291,wikidata
Don Blackmon,BLA276848,wikidata
Don Davis (linebacker),00-0003970,wikidata
Don Martin (American football),MAR575019,wikidata
Don Warren,00-0017212,wikidata
Donovan Raiola,00-0024076,wikidata
Dont'a Hightower,00-0029669,wikidata
Doug Colman,00-0003320,wikidata
Doug Marrone,MAR312356,wikidata
Doug Nussmeier,00-0012226,wikidata
Doug Pederson,00-0012726,wikidata
Doug Plank,PLA103822,wikidata
Doug Williams (quarterback),WIL247171,wikidata
Dré Bly,00-0001388,wikidata
Duce Staley,00-0015523,wikidata
Duke Preston,00-0023556,wikidata
Dwaine Board,BOA332232,wikidata
Dwayne Joseph,00-0008938,wikidata
Dwayne Ledford,00-0009735,wikidata
Dwight Clark,CLA270396,wikidata
Earnest Byner,00-0002458,wikidata
Ed Reed,00-0021377,wikidata
Ed West (American football),00-0017452,wikidata
Edgar Bennett,00-0001103,wikidata
Emmitt Thomas,THO145488,wikidata
Eric Bieniemy,00-0001233,wikidata
Eric Henderson,00-0024066,wikidata
Eric Smith (safety),00-0024312,wikidata
Eric Stokes (American football executive),00-0015748,wikidata
Eric Yarber,YAR103822,wikidata
Eugene Chung,00-0002990,wikidata
Everett Lindsay,00-0009941,wikidata
Everette Brown,00-0027019,wikidata
Frank Bush,BUS244285,wikidata
Frank Gore,00-0023500,wikidata
Frank Okam,00-0026291,wikidata
Frank Pollack (American football),00-0013072,wikidata
Frank Reich,00-0013558,wikidata
Frank Winters,00-0018115,wikidata
Fred Biletnikoff,BIL355962,wikidata
Fred Hoaglin,HOA276860,wikidata
Fred Pagac,PAG166116,wikidata
Frisman Jackson,00-0020780,wikidata
G. J. Kinne,00-0029041,wikidata
Gary Brown (running back),00-0001938,wikidata
Gary Kubiak,00-0009490,wikidata
George Yarno,YAR415288,wikidata
Gerald Alexander,00-0025448,wikidata
Gill Byrd,00-0002468,wikidata
Grant Morgan (American football),00-0037066,wikidata
Greg Biekert,00-0001232,wikidata
Greg Ellis (American football),00-0004851,wikidata
Greg Gaines (linebacker),GAI319455,wikidata
Greg Jackson (American football),00-0008126,wikidata
Greg Lewis (wide receiver),00-0021508,wikidata
Greg Manusky,00-0010366,wikidata
Greg Scruggs,00-0029308,wikidata
Grey Ruegamer,00-0014148,wikidata
Hank Fraley,00-0019133,wikidata
Hardy Nickerson,00-0012102,wikidata
Harold Jackson (American football),JAC198616,wikidata
Harry Sydney,00-0015988,wikidata
Hayes Pullard,00-0032171,wikidata
Heath Farwell,00-0023215,wikidata
Henry Burris,00-0019764,wikidata
Henry Ellard,00-0004830,wikidata
Hines Ward,00-0017162,wikidata
Ike Hilliard,00-0007468,wikidata
Irv Eatman,00-0004716,wikidata
J. T. Barrett,00-0034126,wikidata
Jack Del Rio,00-0004176,wikidata
Jacques Cesaire,00-0021542,wikidata
Jacques McClendon,00-0027729,wikidata
Jacquies Smith,00-0029112,wikidata
Jahri Evans,00-0024323,wikidata
Jake Moreland,00-0019062,wikidata
"James ""Shack"" Harris",HAR434603,wikidata
James Campen,00-0002593,wikidata
James Casey (American football),00-0027109,wikidata
James Ferentz,00-0031039,wikidata
James Lofton,00-0010023,wikidata
James Saxon (American football),00-0014403,wikidata
James Willis (American football),00-0017975,wikidata
Jason Garrett,00-0005794,wikidata
Jason Glenn,00-0020401,wikidata
Jason Simmons,00-0014902,wikidata
Jason Tucker,00-0016654,wikidata
Jason Wright,00-0022288,wikidata
Jay Norvell,NOR776408,wikidata
Jeff Burris,00-0002328,wikidata
Jeff Davidson,00-0003934,wikidata
Jeff Dellenbach,00-0004168,wikidata
Jeff Fisher,FIS435061,wikidata
Jeff King (American football),00-0024369,wikidata
Jeff Rutledge,00-0014208,wikidata
Jeff Saturday,00-0014375,wikidata
Jeff Uhlenhake,00-0016781,wikidata
Jeff Ulbrich,00-0019586,wikidata
Jeff Zgonina,00-0018503,wikidata
Jeremiah Kolone,00-0034080,wikidata
Jerod Mayo,00-0026150,wikidata
Jerome Henderson,00-0007240,wikidata
Jerricho Cotchery,00-0022811,wikidata
Jerrod Johnson,00-0028370,wikidata
Jerry Butler (American football),BUT311460,wikidata
Jerry Fontenot,00-0005399,wikidata
Jerry Gray,00-0006274,wikidata
Jerry Holmes,HOL578184,wikidata
Jerry Olsavsky,00-0012375,wikidata
Jethro Franklin,FRA474588,wikidata
Jim Dray,00-0027825,wikidata
Jim Harbaugh,00-0006808,wikidata
Jim Haslett,HAS377535,wikidata
Jim Jeffcoat,00-0008297,wikidata
Jim Leonhard,00-0023287,wikidata
Jim Pyne,00-0013317,wikidata
Jim Ryan (linebacker),RYA211716,wikidata
Jim Zorn,ZOR622935,wikidata
Jimmie Johnson (American football),00-0008538,wikidata
Jimmy Raye III,RAY573156,wikidata
Jimmy Spencer (American football),00-0015460,wikidata
Joe Bowden,00-0001557,wikidata
Joe Greene,GRE420024,wikidata
Joe Hastings (American football),00-0028242,wikidata
Joel Hilgenberg,00-0007412,wikidata
Joel Patten,PAT337415,wikidata
Joey Clinkscales,CLI664464,wikidata
Joey Porter,00-0013126,wikidata
John Beck (gridiron football),00-0025427,wikidata
John Bunting (American football),BUN519110,wikidata
John Dorsey (American football),DOR622932,wikidata
John Elway,00-0004884,wikidata
John Garrett (American football),GAR470130,wikidata
John Hufnagel,HUF778665,wikidata
John Hunt (American football),HUN303870,wikidata
"John Lott (American football, born 1964)",LOT424288,wikidata
John Lynch (American football),00-0010188,wikidata
John Parrella,00-0012607,wikidata
John Settle,00-0014678,wikidata
John Teerlinck,TEE207645,wikidata
John Tice,00-0016456,wikidata
John Timu (American football),00-0031915,wikidata
John Wojciechowski,00-0018152,wikidata
Johnny Holland,00-0007593,wikidata
Johnny Lynn,LYN747522,wikidata
Johnny Thomas (cornerback),00-0016281,wikidata
Jon Embree,EMB415290,wikidata
Jon Hoke,HOK276861,wikidata
Jon Kitna,00-0009311,wikidata
Jonathan Goodwin (American football),00-0021267,wikidata
Jonathan Hayes,00-0007151,wikidata
Jonathan Krause (American football),00-0030659,wikidata
Jordan Kovacs,00-0029975,wikidata
Jordon Dizon,00-0026185,wikidata
Josh Bynes,00-0028278,wikidata
Josh Cribbs,00-0023176,wikidata
Josh Hammond,00-0035826,wikidata
Josh McCown,00-0021206,wikidata
Josh Scobey,00-0021098,wikidata
Justin Griffith,00-0022011,wikidata
Justin Hamilton (safety),00-0024436,wikidata
Justin Peelle,00-0021227,wikidata
K. J. Wright,00-0028037,wikidata
Karl Dunbar,00-0004616,wikidata
Keary Colbert,00-0022726,wikidata
Keena Turner,TUR541680,wikidata
Keenan McCardell,00-0010668,wikidata
Keith Burns (linebacker),00-0002312,wikidata
Keith Butler (American football),BUT415280,wikidata
Keith Kidd,KID207645,wikidata
Keith Millard,00-0011228,wikidata
Keith Tandy,00-0029422,wikidata
Keith Willis,00-0017978,wikidata
Kellen Moore,00-0029234,wikidata
Kelvin Sheppard,00-0028006,wikidata
Ken Amato,00-0021126,wikidata
Ken Dorsey,00-0022039,wikidata
Ken Norton Jr.,00-0012196,wikidata
Ken Whisenhunt,00-0017502,wikidata
Kenechi Udeze,00-0022891,wikidata
Kenny Jackson,JAC293424,wikidata
Kerry Joseph,00-0008941,wikidata
Kerry Locklin,LOC747522,wikidata
Kevin Greene,00-0006373,wikidata
Kevin Mawae,00-0010577,wikidata
Kevin O'Connell (American football),00-0026234,wikidata
Kevin Peterson,00-0032848,wikidata
Kevin Ross (American football),00-0014062,wikidata
Kliff Kingsbury,00-0022027,wikidata
Kolby Smith,00-0025535,wikidata
Kris Kocurek,00-0020346,wikidata
Kris Richard,00-0021210,wikidata
Kyle DeVan,00-0025872,wikidata
Kyle Fuller (offensive lineman),00-0033592,wikidata
Kyle Shurmur,00-0035163,wikidata
Kyle Wilber,00-0029647,wikidata
Kyshoen Jarrett,00-0031952,wikidata
La'Roi Glover,00-0006051,wikidata
Ladell Betts,00-0021184,wikidata
Lake Dawson,00-0004088,wikidata
Lance Schulters,00-0014504,wikidata
Larry Brooks (American football),BRO140760,wikidata
Larry Foote,00-0021246,wikidata
Larry Izzo,00-0008075,wikidata
Larry Lee (American football),LEE437140,wikidata
Lawrence McCutcheon,MCC822195,wikidata
LeCharls McDaniel,MCD079100,wikidata
Leigh Torrence,00-0023186,wikidata
Lemuel Jeanpierre,00-0027309,wikidata
Lenny McGill,00-0010869,wikidata
Leon Lett,00-0009823,wikidata
Leon Washington,00-0024332,wikidata
Leonard Hankerson,00-0028017,wikidata
"Leonard Johnson (defensive back, born 1990)",00-0029087,wikidata
Leslie Frazier,FRA777797,wikidata
Lionel Vital,VIT276861,wikidata
Lionel Washington,00-0017256,wikidata
Lloyd Lee,00-0009765,wikidata
Lofa Tatupu,00-0023480,wikidata
Louie Aguiar,00-0000098,wikidata
Louis Clark (wide receiver),00-0003050,wikidata
Louis Riddick,00-0013717,wikidata
Luke Stocker,00-0028042,wikidata
Malik Boyd,00-0001600,wikidata
Marc Colombo,00-0021160,wikidata
Marcel Reece,00-0026393,wikidata
Marcel Shipp,00-0020022,wikidata
Marco Coleman,00-0003230,wikidata
Marcus Dixon,00-0026043,wikidata
Marcus Pollard,00-0013080,wikidata
Marcus Robertson,00-0013835,wikidata
Marion Hobby,00-0007528,wikidata
Mark Brunell,00-0002110,wikidata
Mark Carrier (safety),00-0002688,wikidata
Mark Collins (American football),00-0003301,wikidata
Mark Murphy (American football executive),MUR517845,wikidata
Markus Paul,00-0012671,wikidata
Marlon McCree,00-0020280,wikidata
Marquand Manuel,00-0021096,wikidata
Marques Tuiasosopo,00-0020405,wikidata
Marquis Johnson,00-0027806,wikidata
Martin Bayless,00-0000915,wikidata
Martin Mayhew,00-0010608,wikidata
Martin Nance,00-0023981,wikidata
Marvin Allen (running back),00-0000226,wikidata
Matt Allen,00-0020214,wikidata
Matt Cavanaugh,00-0002828,wikidata
Matt Daniels,00-0028871,wikidata
Matt Giordano,00-0023569,wikidata
Matt Millen,00-0011231,wikidata
Matt Russell,00-0014194,wikidata
Matt Schaub,00-0022787,wikidata
Matthew Slater,00-0026293,wikidata
Maurice Carthon,00-0002772,wikidata
Max McCaffrey,00-0032937,wikidata
Mel Phillips,PHI511120,wikidata
Michael Hamlin,00-0027116,wikidata
Michael Sinclair (American football),00-0014980,wikidata
Michael Wilhoite,00-0028836,wikidata
Micheal Barrow,00-0000829,wikidata
Micheal Spurlock,00-0023968,wikidata
Mike Adams (safety),00-0022247,wikidata
Mike Bartrum,00-0000849,wikidata
Mike Caldwell (linebacker),00-0002518,wikidata
Mike Devlin (American football),00-0004241,wikidata
Mike Dumas,00-0004609,wikidata
Mike Furrey,00-0019281,wikidata
Mike Kafka,00-0027722,wikidata
Mike Kruczek,KRU063891,wikidata
Mike Mayock,MAY679563,wikidata
Mike Mitchell (safety),00-0027023,wikidata
Mike Mularkey,00-0011799,wikidata
Mike Munchak,00-0011819,wikidata
Mike Person,00-0028177,wikidata
Mike Pitts,00-0013017,wikidata
Mike Reed (American football coach),00-0013519,wikidata
Mike Reinfeldt,REI616239,wikidata
Mike Singletary,00-0014988,wikidata
Mike Smith (linebacker),00-0023666,wikidata
Mike Sullivan (offensive lineman),00-0015894,wikidata
Mike Tice,00-0016457,wikidata
Mike Vrabel,00-0016960,wikidata
Mike Wahle,00-0016990,wikidata
Mike Wilson (wide receiver),WIL755838,wikidata
Mike Zordich,00-0018521,wikidata
Miles Austin,00-0023921,wikidata
Myles White,00-0030274,wikidata
NaVorro Bowman,00-0027894,wikidata
Nate Kaeding,00-0022737,wikidata
Neiko Thorpe,00-0029329,wikidata
Nick Eason,00-0022010,wikidata
Nick Hardwick (American football),00-0022804,wikidata
Nick Sorensen,00-0020107,wikidata
Nolan Cromwell,CRO171840,wikidata
O. J. Brigance,00-0001760,wikidata
Otis Smith (American football),00-0015270,wikidata
Ozzie Newsome,NEW589446,wikidata
P. J. Fleck,00-0022578,wikidata
Pat Carter,00-0002753,wikidata
Pat Moriarty (American football),MOR245775,wikidata
Pat Thomas (defensive back),THO315224,wikidata
Pat White,00-0027020,wikidata
Patrick Surtain,00-0015915,wikidata
Paul Skansi,00-0015011,wikidata
Paul Spicer,00-0015468,wikidata
Pepper Johnson,00-0008599,wikidata
Perry Carter,CAR716642,wikidata
Pete Bercich,00-0001151,wikidata
Pete Metzelaars,00-0011156,wikidata
Peter Sirmon,00-0019588,wikidata
Phil McGeoghan,00-0020119,wikidata
Phil Pettey,PET682909,wikidata
Phillip Daniels,00-0003874,wikidata
Quentin Harris (American football),00-0021055,wikidata
Quinton Ganther,00-0024460,wikidata
Ran Carthon,00-0022431,wikidata
Randy Jordan,00-0008921,wikidata
Randy Shannon,SHA276861,wikidata
Rashad Johnson,00-0027067,wikidata
Ray Agnew,00-0000097,wikidata
Ray Brown (offensive lineman),00-0002020,wikidata
Ray Farmer,00-0005070,wikidata
Ray Horton,00-0007758,wikidata
Ray Perkins,00-0023089,wikidata
Ray Rhodes,RHO519110,wikidata
Ray Ventrone,00-0023316,wikidata
Rayna Stewart,00-0015705,wikidata
Reggie Davis (tight end),00-0018608,wikidata
Reggie Howard,00-0019101,wikidata
Reggie McKenzie (linebacker),00-0010947,wikidata
Reggie Wayne,00-0020498,wikidata
Renaldo Hill,00-0020301,wikidata
Reshard Langford,00-0026571,wikidata
Ricardo Allen,00-0031181,wikidata
Rich McGeorge,MCG319440,wikidata
Richard Angulo,00-0022041,wikidata
Richard Dent,00-0004205,wikidata
Richie Anderson (American football),00-0000339,wikidata
Rick Dennison,DEN479175,wikidata
Rick Lyle,00-0010175,wikidata
Rick Neuheisel,NEU332232,wikidata
Rickey Jackson,00-0008179,wikidata
Ricky Hunley,HUN040516,wikidata
Ricky Manning,00-0021900,wikidata
Ricky Porter,POR383346,wikidata
Ricky Proehl,00-0013268,wikidata
Ricky Thomas,THO333410,wikidata
Rob Davis (gridiron football),00-0004038,wikidata
Rob Moore (American football),00-0011601,wikidata
Robert Blanton,00-0029575,wikidata
Robert Mathis,00-0022059,wikidata
Robert Steeples,00-0029767,wikidata
Rock Cartwright,00-0021357,wikidata
Rod Perry (American football),PER694950,wikidata
Rod Wilson,00-0023652,wikidata
Rod Woodson,00-0018229,wikidata
Rodney Holman,00-0007637,wikidata
Roman Phifer,00-0012909,wikidata
Ron Heller (offensive tackle),00-0007224,wikidata
"Ron Johnson (wide receiver, born 1980)",00-0021242,wikidata
Ron Middleton (American football),00-0011197,wikidata
Ron Rivera,00-0013781,wikidata
Ronald Blair,00-0032413,wikidata
Ronald Curry,00-0021337,wikidata
Ronnie Bradford,00-0001630,wikidata
Roosevelt Williams (American football),00-0021198,wikidata
Rubin Carter (American football),CAR731601,wikidata
Russ Bolinger,BOL415287,wikidata
Russ Grimm,00-0006475,wikidata
Rusty Tillman,TIL593270,wikidata
Ruvell Martin,00-0022421,wikidata
Ryan Davis (defensive end),00-0029053,wikidata
Ryan Griffin (quarterback),00-0029857,wikidata
Ryan Kerrigan,00-0027954,wikidata
Ryan Lindley,00-0029531,wikidata
Ryan Mahaffey,00-0028486,wikidata
Ryan Wendell,00-0025866,wikidata
Sam Anno,00-0000382,wikidata
Sam Clancy,00-0003010,wikidata
Sam Garnes,00-0005785,wikidata
Sam Gash,00-0005822,wikidata
Sam Koch,00-0024417,wikidata
Sam Madison,00-0010264,wikidata
Sam Mills,00-0011335,wikidata
Sam Seale,00-0014607,wikidata
Sam Shade,00-0014692,wikidata
Sam Wyche,WYC166116,wikidata
Scott Campbell (gridiron football),CAM598765,wikidata
Scott Frost,00-0005609,wikidata
Scott Milanovich,00-0011210,wikidata
Scott Peters (American football),00-0021091,wikidata
Scott Studwell,STU474612,wikidata
Scott Tolzien,00-0028595,wikidata
Scottie Montgomery,00-0019109,wikidata
Sean Baker (American football),00-0029177,wikidata
Sean Mannion (American football),00-0032245,wikidata
Sean Payton,PAY646009,wikidata
Sharrif Floyd,00-0030574,wikidata
Shaun Dion Hamilton,00-0034336,wikidata
Shawn Jefferson,00-0008313,wikidata
Sheldon White,00-0017572,wikidata
Shelton Quarles,00-0013322,wikidata
Sherman Smith,SMI714560,wikidata
Stephen Nicholas,00-0025496,wikidata
Sterling Moore,00-0028767,wikidata
Steve Brown (American football),BRO694416,wikidata
Steve Cargile,00-0022387,wikidata
Steve Crosby,CRO386640,wikidata
Steve DeBerg,00-0004116,wikidata
Steve Gregory (American football),00-0023998,wikidata
Steve Heiden,00-0007213,wikidata
Steve Hutchinson (American football),00-0020466,wikidata
Steve Jackson (defensive back),00-0008193,wikidata
Steve Russ,00-0014182,wikidata
Steve Spurrier,SPU415291,wikidata
Steve Watson (wide receiver),WAT546425,wikidata
Steve Wisniewski,00-0018129,wikidata
Stump Mitchell,00-0011437,wikidata
Sylvester Croom,CRO329360,wikidata
T. J. Yates,00-0028090,wikidata
Tanzel Smart,00-0033963,wikidata
Tashard Choice,00-0026262,wikidata
Ted Thompson,THO703192,wikidata
Tee Martin,00-0019633,wikidata
Terence Newman,00-0022045,wikidata
Terrance Knighton,00-0027046,wikidata
Terry Allen (running back),00-0000232,wikidata
Terry Robiskie,ROB740296,wikidata
Thad Lewis,00-0027253,wikidata
Thom Kaumeyer,00-0009041,wikidata
Thomas Brown (American football coach),00-0026312,wikidata
Tim Hauck,00-0007108,wikidata
Tim Krumrie,00-0009488,wikidata
Tim Lewis,LEW744029,wikidata
Tim McDonald (American football),00-0010810,wikidata
Tim McGarigle,00-0024435,wikidata
Tim Rattay,00-0019623,wikidata
Tim Spencer (American football),SPE650016,wikidata
Tim Terry,00-0016192,wikidata
Tiquan Underwood,00-0027156,wikidata
Todd Bowles,00-0001576,wikidata
Todd Davis (American football),00-0031427,wikidata
Todd Howard (American football),HOW436044,wikidata
Todd Lyght,00-0010173,wikidata
Todd McNair,00-0011025,wikidata
Todd Pinkston,00-0019606,wikidata
Todd Washington,00-0017279,wikidata
Tom Clements,CLE316408,wikidata
Tom Myslinski,00-0011902,wikidata
Tom Rathman,00-0013432,wikidata
Tony Boselli,00-0001519,wikidata
Tony Carter (cornerback),00-0026515,wikidata
Tony Dungy,DUN437140,wikidata
Tony Gilbert,00-0021901,wikidata
Tony Nathan,NAT207645,wikidata
Torrian Gray,00-0006292,wikidata
Tory Woodbury,00-0020126,wikidata
Tracy Rocker,ROC369148,wikidata
Tracy Simien,00-0014886,wikidata
Travelle Wharton,00-0022214,wikidata
Troy Brown,00-0002068,wikidata
Troy Walters,00-0019552,wikidata
Turk Schonert,SCH469430,wikidata
Ty Warren,00-0021989,wikidata
Tyrone McKenzie,00-0027068,wikidata
Tyrone Wheatley,00-0017486,wikidata
Vance Bedford,BED127930,wikidata
Vance Joseph,00-0008944,wikidata
Vince Newsome,00-0012071,wikidata
Vince Workman,00-0018252,wikidata
Vincent Brown (linebacker),00-0002073,wikidata
Vinnie Sunseri,00-0031072,wikidata
Von Hutchins,00-0022742,wikidata
Wade Wilson (American football),00-0018073,wikidata
Wendell Davis (wide receiver),00-0004066,wikidata
Wes Chandler,CHA344386,wikidata
Wes Welker,00-0022427,wikidata
Wilbert Montgomery,MON692130,wikidata
Will Lewis (American football),LEW778635,wikidata
Will Tukuafu,00-0027905,wikidata
William Gay (cornerback),00-0025557,wikidata
William Roberts (American football),00-0013827,wikidata
Willie Davis (wide receiver),00-0004070,wikidata
Winston Moss,00-0011757,wikidata
Woodrow Lowe,LOW415290,wikidata
Zac Robinson,00-0027841,wikidata
Zac Woodfin,00-0023120,wikidata
Zach Line,00-0029931,wikidata
Zach Orr,00-0030700,wikidata
Zach Strief,00-0024424,wikidata
name:andrew brown,00-0034394,name_timing
name:andrew miller,00-0030837,name_timing
name:anthony fabiano,00-0032567,name_timing
name:anthony griggs,GRI547404,name_timing
name:brian hill,00-0033567,name_timing
name:chris carr,00-0023008,name_timing
name:chris cook,00-0027649,name_timing
name:cj leak,00-0024512,name_timing
name:cole gardner,00-0033426,name_timing
name:darren krein,00-0009462,name_timing
name:eric ball,00-0000672,name_timing
name:jason mitchell,00-0022995,name_timing
name:jeff hurd,HUR083058,name_timing
name:jim collins,COL604986,name_timing
name:john griffin,00-0028377,name_timing
name:keith gray,00-0026772,name_timing
name:kenny bell,00-0032113,name_timing
name:kevin wilkins,00-0035391,name_timing
name:lanier coleman,00-0030335,name_timing
name:mack brown,00-0032048,name_timing
name:marc lillibridge,00-0009925,name_timing
name:marcus lewis,00-0023833,name_timing
name:mark nori,00-0012167,name_timing
name:mark smith,00-0015255,name_timing
name:marvin marshall,00-0010424,name_timing
name:matt clapp,00-0027340,name_timing
name:matthew odonnell,00-0028676,name_timing
name:michael parenton,00-0026656,name_timing
name:mike anderson,00-0019594,name_timing
name:mike butler,BUT493145,name_timing
name:mike harris,00-0029610,name_timing
name:paul kelly,KEL730884,name_timing
name:ryan smith,00-0032772,name_timing
name:scott kuhn,00-0026406,name_timing
name:skyler fulton,00-0022543,name_timing
name:steve bush,00-0002380,name_timing
name:steve donatell,00-0033990,name_timing
name:thomas smith,00-0015314,name_timing
