franchise_id,season,ReplacedHC,ActingHC,AfterDate,UntilDate,Source
ARI,2000,Vince Tobin,Dave McGinnis,2000-10-23,,2000 Arizona Cardinals season (Tobin fired Oct 23)
DET,2000,Bobby Ross,Gary Moeller,2000-11-05,,2000 Detroit Lions season (Ross resigned after the ninth game)
WAS,2000,Norv Turner,Terry Robiskie,2000-12-03,,2000 Washington Redskins season (Turner fired after the 7-6 start)
ATL,2007,Bobby Petrino,Emmitt Thomas,2007-12-11,,2007 Atlanta Falcons season (Petrino resigned Dec 11)
IND,2012,Chuck Pagano,Bruce Arians,2012-09-23,2012-12-23,2012 Indianapolis Colts season (Arians interim HC weeks 5-16)
MIA,2015,Joe Philbin,Dan Campbell,2015-10-05,,2015 Miami Dolphins season (Philbin fired after the 1-3 start)
TEN,2015,Ken Whisenhunt,Mike Mularkey,2015-11-03,,2015 Tennessee Titans season (Whisenhunt fired Nov 3)
LA,2016,Jeff Fisher,John Fassel,2016-12-12,,2016 Los Angeles Rams season (Fisher fired Dec 12)
CAR,2019,Ron Rivera,Perry Fewell,2019-12-03,,2019 Carolina Panthers season (Rivera fired Dec 3)
CLE,2021,Kevin Stefanski,Mike Priefer,2021-12-12,2021-12-20,"2021 Cleveland Browns season (Priefer acting HC Dec 20, Stefanski COVID-19)"
NYJ,2024,Robert Saleh,Jeff Ulbrich,2024-10-08,,2024 New York Jets season (Saleh fired Oct 8)
NO,2024,Dennis Allen,Darren Rizzi,2024-11-04,,2024 New Orleans Saints season (Allen fired Nov 4)
CHI,2024,Matt Eberflus,Thomas Brown,2024-11-29,,2024 Chicago Bears season (Eberflus fired Nov 29)
NYG,2025,Brian Daboll,Mike Kafka,2025-11-10,,2025 New York Giants season (Daboll fired Nov 10)
TEN,2025,Brian Callahan,Mike McCoy,2025-10-13,,2025 Tennessee Titans season (Callahan fired Oct 13)
