nflverse_college,cfbd_school,note
Mississippi,Ole Miss,University of Mississippi; CFBD uses the nickname
Miami (Fla.),Miami,audit string (older nflverse build)
Louisiana State,LSU,audit string (older nflverse build)
Southern California,USC,audit string (older nflverse build)
Texas Christian,TCU,audit string (older nflverse build)
Brigham Young,BYU,audit string (older nflverse build)
Southern Methodist,SMU,audit string (older nflverse build)
North Carolina-Charlotte,Charlotte,audit string (older nflverse build)
Boston Col.,Boston College,abbreviation
Louisiana-Lafayette,Louisiana,UL Lafayette
Louisiana-Monroe,UL Monroe,
Miami (Ohio),Miami (OH),
UMass Amherst,Massachusetts,
Texas State-San Marcos,Texas State,
Northwestern State (LA),Northwestern State,
Northwestern St. (LA),Northwestern State,
Stephen F. Austin State,Stephen F. Austin,
Tennessee-Chattanooga,Chattanooga,
Grand Valley,Grand Valley State,
McNeese State,McNeese,
McNeese St.,McNeese,
Nicholls State,Nicholls,
Nicholls St.,Nicholls,
Cal Poly (San Luis Obispo),Cal Poly,
Cal Poly-San Luis Obispo,Cal Poly,
Southeastern Louisiana,SE Louisiana,
Southern Utah State,Southern Utah,
Ala-Birmingham,UAB,
Albany,UAlbany,University at Albany (FCS); not Albany State (GA)
Middle Tenn. St.,Middle Tennessee,
Towson State,Towson,
Tennessee Technological Univ,Tennessee Tech,
Ark-Pine Bluff,Arkansas-Pine Bluff,
SE Missouri St.,Southeast Missouri State,
Pittsburg State (KS),Pittsburg State,
"Indiana PA,  University of",IU Pennsylvania,Indiana University of Pennsylvania
Indiana (PA),IU Pennsylvania,Indiana University of Pennsylvania
Colorado State (Pueblo),CSU Pueblo,
Central Missouri St.,Central Missouri,
Kearney State,Nebraska Kearney,former name
West Texas State,West Texas,West Texas A&M (former name)
West Texas A&M,West Texas,
Cortland State Of New York,SUNY Cortland,
Missouri Southern,Missouri Southern State,
Northwestern Oklahoma State University,Northwestern (OK),
"Duluth/University of Minnesota",Minnesota Duluth,
"Northeastern University, Mass",Northeastern,program ended 2009
Colorado College,,D-III Colorado College is not the University of Colorado
St. John's University,,St. John's (NY) is not Saint John's (MN)
Wesley,Wesley College,
Charleston,Charleston (WV),University of Charleston (WV); the College of Charleston has no football
Monmouth College,Monmouth (IL),D-III Monmouth College (IL); the loose rule matched Monmouth (NJ)
West Chester State University,West Chester,former name
Wheaton College Illinois,Wheaton (IL),
Missouri Western St.,Missouri Western,
East Central (OK),East Central,
