policy_id,indicator,announced_date,announced_year,first_season,first_full_offseason,last_season,scope,eligibility,requirement,source_url,timing_note
rooney_2003,RooneyRule,,2003,2003,2003,,head_coach,racial_or_ethnic_minority,Interview at least one minority candidate for a head-coach vacancy,https://www.nfl.com/news/the-rooney-rule-ops-nfl-com-content,Original rule is an interview requirement rather than a hiring quota
front_office_2009,RooneyFrontOffice2009,,2009,2010,2010,,senior_football_operations,racial_or_ethnic_minority,Expand interview coverage to senior football operations,https://en.wikipedia.org/wiki/Rooney_Rule,2009 expansion coded from the first full offseason in 2010; exact announcement day not established here
interviews_2020,RooneyAmend2020,2020-05-19,2020,2021,2021,,head_coach_coordinator_general_manager,racial_or_ethnic_minority,Two external minority HC interviews; one minority coordinator interview; one external minority senior-football-operations or GM interview,https://www.profootballhof.com/news/nfl-announces-new-steps-to-enhance-diversity,May announcement follows most 2020 offseason hires; 2021 is the first full cycle
mobility_2020,CoordinatorMobility2021,2020-05-19,2020,2021,2021,,coordinators_assistant_general_managers,all_candidates,Clubs cannot deny interviews for bona fide coordinator or assistant-GM promotions,https://www.profootballhof.com/news/nfl-announces-new-steps-to-enhance-diversity,Separate mobility provision coincides with the 2020 interview expansion
fellowships_2020,CoachingFellowship2021,2020-05-19,2020,2021,2021,,coaching_fellowships,minorities_women_and_nfl_legends,All clubs host full-time coaching fellowships of one to two years,https://www.profootballhof.com/news/nfl-announces-new-steps-to-enhance-diversity,First full offseason convention; not the later offensive-assistant mandate
compensatory_2020,RooneyCompensatory2021,2020-11-10,2020,2021,2021,,developing_club,qualifying_minority_coach_or_executive,Third-round compensatory picks reward the developing club when a qualifying employee becomes HC or primary football executive elsewhere,https://www.nfl.com/news/nfl-owners-pass-resolution-rewarding-teams-for-developing-minority-coaches-execs,Minimum two years at developing club and no employment break; announcement subject to NFLPA approval; first draft cycle 2021
in_person_2021,RooneyInPerson2022,2021-10-26,2021,2022,2022,,head_coach_general_manager,external_minority_candidate,At least one external minority interview in person,https://www.nfl.com/news/nfl-plans-to-enact-new-enhancements-to-rooney-rule-ahead-of-next-hiring-cycle,Announced ahead of the 2022 hiring cycle
women_2022,RooneyAmend2022,2022-03-28,2022,2022,2023,,interview_requirements,woman_or_person_of_color,Women count toward Rooney interview requirements at all levels,https://www.espn.com/nfl/story/_/id/33617341/nfl-says-all-teams-add-minority-offensive-coach-expands-rooney-rule-include-women,Effective before 2022 opening staffs but after most 2022 HC hires; first full offseason 2023; no 2025 sunset reported
assistant_mandate_2022,OffensiveAssistantMandate,2022-03-28,2022,2022,2023,2024,offensive_assistant,woman_or_ethnic_or_racial_minority,Every club employs a qualifying offensive assistant; an existing assistant can satisfy the requirement,https://www.espn.com/nfl/story/_/id/33617341/nfl-says-all-teams-add-minority-offensive-coach-expands-rooney-rule-include-women,2022 opening workforce can respond within the offseason; mandate ended before 2025 per sunset source
assistant_subsidy_2022,OffensiveAssistantSubsidy,2022-03-28,2022,2022,2023,2024,designated_offensive_assistant,woman_or_ethnic_or_racial_minority,League fund reimburses half the qualifying coach salary,https://www.espn.com/nfl/story/_/id/48762073/nfl-ended-minority-offensive-assistant-mandate-25-season,Reimbursement and mandate ended before 2025; a rostered eligible person is not proof of designation or payment
assistant_voluntary_2025,OffensiveAssistantVoluntary2025,,2025,2025,2025,,offensive_assistant,woman_or_ethnic_or_racial_minority,Program continues voluntarily without league reimbursement,https://www.espn.com/nfl/story/_/id/48762073/nfl-ended-minority-offensive-assistant-mandate-25-season,Exact termination date unavailable; source published 2026-05-13 describes change before the 2025 season
